sample_id,azure_intelligence,gpt-5-mini,gpt-5-nano,mistral_document_ai,mean_cer,std_cer
iam_000_a01-000u,0.02734375,0.0078125,0.01171875,0.0078125,0.013671875,0.009298734932998503
iam_000_a01-003u,0.060810810810810814,0.04072398190045249,1.0,0.04504504504504504,0.2866449594390771,0.47564837236803625
iam_000_a01-011u,0.04404145077720207,0.0051813471502590676,0.06994818652849741,0.0025906735751295338,0.030440414507772018,0.03245243078430665
iam_000_a01-014u,0.22531645569620254,0.21265822784810126,1.0,0.0,0.359493670886076,0.43933594945493537
iam_000_a01-026u,0.017897091722595078,0.0044742729306487695,0.020134228187919462,0.0022371364653243847,0.011185682326621923,0.009133071375030492
iam_000_a01-030u,0.031042128603104215,0.0,0.011111111111111112,0.0,0.010538309928553832,0.01463838144210956
iam_000_a01-063u,0.033942558746736295,0.005221932114882507,0.02349869451697128,0.0,0.01566579634464752,0.015810184616697084
iam_000_a01-068u,0.023017902813299233,0.0025575447570332483,0.023017902813299233,0.0,0.01214833759590793,0.012594447316874813
iam_000_a01-077u,0.02346041055718475,0.011799410029498525,0.035398230088495575,0.005865102639296188,0.01913078832861876,0.01307800717012835
iam_000_a01-091u,0.032520325203252036,0.005420054200542005,0.0921409214092141,0.0,0.032520325203252036,0.042216156984816344
iam_000_a01-113u,0.014767932489451477,0.004219409282700422,0.06540084388185655,0.0,0.021097046413502112,0.030181805532876138
iam_000_a03-071,0.05585106382978723,0.0398936170212766,0.0851063829787234,0.0,0.045212765957446804,0.03548314910671897
iam_000_a05-039,0.21532846715328466,0.18248175182481752,0.33394160583941607,0.19525547445255476,0.23175182481751827,0.0694550255079717
iam_000_a05-058,0.027522935779816515,0.0,0.11926605504587157,0.0,0.03669724770642202,0.056554256907972264
iam_000_a05-084,0.03299492385786802,0.007653061224489796,1.0,0.015228426395939087,0.2639691028695742,0.49080219716905554
iam_000_a05-099,0.04691358024691358,0.009876543209876543,1.0,0.0,0.2641975308641975,0.49095046894040334
iam_000_a05-104,0.03814713896457766,0.01907356948228883,1.0,0.01634877384196185,0.2683923705722071,0.48783481813165624
iam_002_a01-003,0.17567567567567569,0.0022624434389140274,1.0,0.0045045045045045045,0.29561065590477353,0.47656573967552784
iam_003_a01-007x,0.04,0.005390835579514825,0.04582210242587601,0.016,0.026803234501347712,0.019244675974027122
iam_007_a01-014,0.027848101265822784,0.012658227848101266,0.02278481012658228,0.0,0.015822784810126583,0.012294347919268747
iam_008_a01-026x,0.053691275167785234,0.03131991051454139,0.04697986577181208,0.03131991051454139,0.04082774049217002,0.01131542945972671
iam_009_a01-020,0.018867924528301886,0.0,0.005390835579514825,0.0,0.006064690026954178,0.008905762624258315
iam_013_a01-053,0.04784688995215311,0.004807692307692308,0.43990384615384615,0.0,0.1231396071034229,0.21226899702502028
iam_015_a01-063x,0.04177545691906005,0.007832898172323759,0.03655352480417755,0.0,0.02154046997389034,0.020710189789888242
iam_016_a01-077,0.04398826979472141,0.02359882005899705,0.05014749262536873,0.01466275659824047,0.03309933476933191,0.016726982061842068
iam_016_a01-102,0.04289544235924933,0.002688172043010753,0.02956989247311828,0.002680965147453083,0.01945861800570786,0.020118483212822884
iam_018_a01-107,0.04472843450479233,0.006389776357827476,0.01597444089456869,0.0,0.016773162939297124,0.019759292135547894
iam_019_a01-122,0.03722084367245657,0.009925558312655087,0.019851116625310174,0.0,0.016749379652605458,0.01587249053961579
iam_020_a01-132,0.034482758620689655,0.009852216748768473,0.046798029556650245,0.0,0.022783251231527094,0.021601514149298635
iam_023_a02-008,0.023965141612200435,0.008714596949891068,0.023965141612200435,0.0,0.014161220043572984,0.011866473956694401
iam_025_a02-020,0.0189873417721519,0.0031645569620253164,0.07911392405063292,0.0,0.025316455696202535,0.03681419486627669
iam_028_a02-050,0.05688622754491018,0.04790419161676647,1.0,0.0,0.27619760479041916,0.483180569039115
iam_029_a02-053,0.022058823529411766,0.0,0.0,0.0,0.0055147058823529415,0.011029411764705883
iam_030_a02-057,0.04216867469879518,0.015060240963855422,0.0963855421686747,0.0,0.038403614457831324,0.04241002361544796
iam_036_a02-086,0.03514376996805112,0.012779552715654952,0.04792332268370607,0.003194888178913738,0.02476038338658147,0.020436465455160265
iam_037_a02-124,0.041666666666666664,0.013888888888888888,0.027777777777777776,0.004629629629629629,0.02199074074074074,0.016203703703703703
iam_038_a02-116,0.027700831024930747,0.008310249307479225,0.01662049861495845,0.0110803324099723,0.01592797783933518,0.008575335005081584
iam_039_a02-120,0.03155339805825243,0.0048543689320388345,0.01699029126213592,0.012135922330097087,0.016383495145631068,0.011276181120361127
iam_040_a03-006,0.03571428571428571,0.007142857142857143,0.002380952380952381,0.009523809523809525,0.01369047619047619,0.014979830228711804
iam_041_a03-009,0.020942408376963352,0.002617801047120419,0.028795811518324606,0.0,0.013089005235602094,0.014016037001927583
iam_042_a03-011,0.013100436681222707,0.004366812227074236,0.028384279475982533,0.0,0.011462882096069868,0.012526866432356992
iam_046_a03-023,0.1206140350877193,0.09868421052631579,0.11403508771929824,0.10964912280701754,0.11074561403508773,0.00921748553575913
iam_052_a03-043,0.02416918429003021,0.00906344410876133,1.0,0.0,0.2583081570996979,0.4945617182217636
iam_053_a03-054,0.19913419913419914,0.18995633187772926,0.20305676855895197,0.17965367965367965,0.19295024480613998,0.010426652914113934
iam_058_a04-003,0.009433962264150943,0.006289308176100629,0.006289308176100629,0.0,0.005503144654088051,0.0039569362868295335
iam_059_a04-019,0.028225806451612902,0.006072874493927126,0.01417004048582996,0.0,0.012117180357842497,0.012207398883942303
iam_059_a04-023,0.030162412993039442,0.0,0.016241299303944315,0.0,0.01160092807424594,0.014551343946037725
iam_059_a04-027,0.02512562814070352,0.005037783375314861,0.027707808564231738,0.0,0.01446780502006253,0.013989633993775997
iam_060_a04-031,0.1627450980392157,0.14313725490196078,1.0,0.0,0.3264705882352941,0.45484138654622125
iam_060_a04-035,0.12934362934362933,0.11969111969111969,0.1274131274131274,0.11196911196911197,0.12210424710424711,0.00794013042422977
iam_060_a04-039,0.23211169284467714,0.2286212914485166,1.0,0.2094240837696335,0.4175392670157068,0.38843524630732856
iam_061_a04-047,0.02040816326530612,0.0022675736961451248,0.022675736961451247,0.0,0.011337868480725623,0.011855167907300169
iam_061_a04-050,0.027190332326283987,0.0030211480362537764,0.05740181268882175,0.0,0.021903323262839877,0.026610695391185928
iam_061_a04-059,0.043010752688172046,0.002688172043010753,0.013440860215053764,0.0,0.01478494623655914,0.01969288617906444
iam_062_a04-069,0.045584045584045586,0.008547008547008548,0.05982905982905983,0.0,0.02849002849002849,0.028773518342911905
iam_063_a04-089,0.02406417112299465,0.0106951871657754,0.0106951871657754,0.0,0.011363636363636364,0.009854431545229938
iam_066_a06-000,0.0705521472392638,0.03374233128834356,0.03374233128834356,0.05521472392638037,0.04831288343558282,0.017951993728097585
iam_067_a06-008,0.034482758620689655,0.0,0.0,0.0,0.008620689655172414,0.017241379310344827
iam_068_a06-014,0.04534005037783375,0.0025188916876574307,0.020151133501259445,0.010075566750629723,0.019521410579345085,0.01866644338825836
iam_071_a06-036,0.06451612903225806,0.03812316715542522,0.05278592375366569,0.03812316715542522,0.04838709677419355,0.012782694849092884
iam_079_a06-090,0.052486187845303865,0.011049723756906077,0.09668508287292818,0.0,0.04005524861878453,0.04399700668655724
iam_081_n02-146,0.03773584905660377,0.016771488469601678,0.469601677148847,0.0,0.1310272536687631,0.22624356159870795
iam_085_a06-147,0.0392156862745098,0.0196078431372549,0.38480392156862747,0.05392156862745098,0.12438725490196079,0.17417919360257872
iam_086_a06-152,0.026737967914438502,0.008021390374331552,0.016042780748663103,0.0,0.01270053475935829,0.011422464900157126
iam_087_b01-004,0.021739130434782608,0.003105590062111801,0.0,0.0,0.006211180124223602,0.010454974056275443
iam_088_b01-014,0.03155339805825243,0.0,0.019417475728155338,0.0024271844660194173,0.013349514563106795,0.014896401811910976
iam_089_b01-038,0.03076923076923077,0.011538461538461539,0.0038461538461538464,0.0057692307692307696,0.012980769230769231,0.012301180168202235
iam_090_b01-049,0.02,0.01,0.02,0.0,0.0125,0.009574271077563382
iam_090_b01-053,0.027700831024930747,0.002785515320334262,0.005571030640668524,0.0,0.009014344246483383,0.012663568595179085
iam_092_b01-084,0.029177718832891247,0.013333333333333334,0.032,0.0,0.018627763041556146,0.014890073095181838
iam_092_b01-094,0.03183023872679045,0.0,0.03183023872679045,0.005305039787798408,0.017241379310344827,0.016984414422898803
iam_093_b01-122,0.05764411027568922,0.005012531328320802,0.08771929824561403,0.002506265664160401,0.03822055137844611,0.041656065510262304
iam_094_b01-127,0.017412935323383085,0.0024875621890547263,0.03233830845771144,0.0,0.013059701492537313,0.014977107685065043
iam_094_b01-136,0.03188405797101449,0.011594202898550725,0.020289855072463767,0.0,0.015942028985507246,0.01349201936596033
iam_096_b02-045,0.028985507246376812,0.004158004158004158,0.13305613305613306,0.0,0.04154991111512851,0.062331914559768414
iam_099_b02-105,0.023474178403755867,0.014084507042253521,0.023474178403755867,0.0,0.015258215962441314,0.0110934639113911
iam_100_b03-025,0.029069767441860465,0.014534883720930232,0.07848837209302326,0.023255813953488372,0.03633720930232558,0.028728618372817042
iam_102_b03-087,0.020356234096692113,0.020356234096692113,0.027989821882951654,0.002544529262086514,0.017811704834605598,0.010795523376893856
iam_103_b03-098,0.05583756345177665,0.17766497461928935,1.0,0.0,0.3083756345177665,0.4670119730234489
iam_104_b03-104,0.022556390977443608,0.0,0.015037593984962405,0.0,0.009398496240601503,0.011278195488721804
iam_105_b03-109,0.024886877828054297,0.0022624434389140274,0.020361990950226245,0.0,0.011877828054298642,0.012579809440129923
iam_106_b03-114,0.05757575757575758,0.015151515151515152,0.015151515151515152,0.015151515151515152,0.025757575757575757,0.021212121212121213
iam_107_b04-020,0.05654761904761905,0.08035714285714286,0.044642857142857144,0.0,0.04538690476190477,0.03370461801460156
iam_108_b04-026,0.018779342723004695,0.002347417840375587,1.0,0.0,0.25528169014084506,0.4965491613120027
iam_109_b04-060,0.02064896755162242,0.0,0.0029498525073746312,0.0,0.0058997050147492625,0.009930683321889948
iam_109_b04-075,0.03426791277258567,0.006230529595015576,0.003115264797507788,0.0,0.010903426791277258,0.015782641904019377
iam_112_b04-134,0.04941176470588235,0.007058823529411765,0.018823529411764704,0.004705882352941176,0.019999999999999997,0.020557399877774364
iam_112_b04-147,0.05570291777188329,0.010610079575596816,1.0,0.0,0.26657824933687,0.4895438478008073
iam_114_b04-202,0.03234501347708895,0.018867924528301886,0.07008086253369272,0.016172506738544475,0.03436657681940701,0.024838339527006443
iam_115_b05-017,0.0436241610738255,0.003355704697986577,0.2751677852348993,0.0,0.08053691275167785,0.13125910882958353
iam_117_b05-045,0.026525198938992044,0.05305039787798409,0.007957559681697613,0.002652519893899204,0.022546419098143238,0.022766389371500856
iam_117_b05-050,0.034055727554179564,0.01238390092879257,0.02476780185758514,0.0,0.017801857585139316,0.014820853061243623
iam_118_b05-055,0.033783783783783786,0.07432432432432433,1.0641891891891893,0.060810810810810814,0.30827702702702703,0.5042232087614703
iam_118_g05-098,0.06855791962174941,0.040380047505938245,1.0,0.009456264775413711,0.2795985579757754,0.4808737682713329
iam_118_h05-012,0.05955334987593052,0.07231920199501247,0.07481296758104738,0.017369727047146403,0.05601381162478419,0.026615582050548196
iam_119_g05-094,0.014634146341463415,0.0,0.0,0.0,0.003658536585365854,0.007317073170731707
iam_120_b05-079,0.07253886010362694,0.054404145077720206,0.02849740932642487,0.04404145077720207,0.04987046632124352,0.018485988453029054
iam_123_b06-000,0.038781163434903045,0.0,0.022284122562674095,0.00554016620498615,0.016651363050640824,0.017532661250314382
iam_124_c06-111,0.019943019943019943,0.002849002849002849,0.698005698005698,0.0,0.1801994301994302,0.3453165005871694
iam_125_b06-056,0.125,0.3029661016949153,0.1271186440677966,0.057203389830508475,0.1530720338983051,0.10507242899843673
iam_125_c06-005,0.0633245382585752,0.03430079155672823,1.0,0.0,0.27440633245382584,0.48442102909350854
iam_126_c06-052,0.0196078431372549,0.0056022408963585435,0.0196078431372549,0.0028011204481792717,0.011904761904761904,0.008967961116852729
iam_126_c06-087,0.04699738903394256,0.5221932114882507,0.02349869451697128,0.0,0.14817232375979114,0.25008434792479994
iam_129_c06-014,0.2210065645514223,0.19474835886214442,0.20787746170678337,0.2013129102844639,0.2062363238512035,0.011211105870852948
iam_129_c06-138,0.05333333333333334,0.006666666666666667,0.03,0.0033333333333333335,0.02333333333333333,0.023253832818284834
iam_130_b06-079,0.10986547085201794,0.004484304932735426,0.017937219730941704,0.0,0.033071748878923765,0.05176006257176492
iam_131_b06-042,0.08902691511387163,0.08125,0.07291666666666667,0.004140786749482402,0.06183359213250517,0.039020370933393875
iam_131_c06-058,0.01858736059479554,0.0,0.011152416356877323,0.0,0.007434944237918215,0.00910590982447278
iam_132_b06-082,0.01978021978021978,0.0,0.01098901098901099,0.0,0.007692307692307693,0.00957999767811137
iam_132_c06-047,0.03142857142857143,0.008571428571428572,0.017142857142857144,0.0,0.014285714285714287,0.0134011878852098
iam_132_c06-091,0.06389776357827476,0.03194888178913738,0.08306709265175719,0.0,0.04472843450479233,0.036520613843412666
iam_133_c06-080,0.21923937360178972,0.19318181818181818,0.2159090909090909,0.2058165548098434,0.20853670937563556,0.011719939639326988
iam_133_c06-116,0.0158311345646438,0.010554089709762533,1.0,0.010554089709762533,0.2592348284960422,0.4938497130434581
iam_136_c01-066,0.015306122448979591,0.002551020408163265,0.030612244897959183,0.0,0.01211734693877551,0.01403061224489796
iam_137_c02-000,0.3333333333333333,0.32130584192439865,1.0,0.0,0.41365979381443296,0.4202740594308516
iam_139_c02-007,0.060526315789473685,0.018421052631578946,0.021052631578947368,0.0,0.024999999999999998,0.025468826563084166
iam_139_c02-017,0.07947019867549669,0.0640176600441501,0.059602649006622516,0.05518763796909492,0.06456953642384106,0.010567628120930888
iam_140_c02-022,0.03680981595092025,0.06461538461538462,1.0,0.0,0.2753563001415762,0.4838201257935651
iam_141_c02-026,0.05249343832020997,0.03674540682414698,0.08136482939632546,0.010498687664041995,0.045275590551181105,0.029646402230721652
iam_142_c02-030,0.06060606060606061,0.020202020202020204,0.025252525252525252,0.017676767676767676,0.030934343434343436,0.02003030982203837
iam_145_c02-056,0.03110047846889952,0.002403846153846154,0.026442307692307692,0.011961722488038277,0.017977088700772914,0.013198406541189362
iam_146_c02-059,0.0728051391862955,0.059957173447537475,0.057815845824411134,0.0,0.04764453961456103,0.03244541235065512
iam_148_c02-082,0.2838095238095238,0.2835249042145594,0.28735632183908044,0.26095238095238094,0.27891078270388614,0.01209847244473292
iam_151_c03-000b,0.024024024024024024,0.0,0.06006006006006006,0.015015015015015015,0.02477477477477477,0.025525525525525526
iam_152_c03-021c,0.030303030303030304,0.011655011655011656,0.027972027972027972,0.013986013986013986,0.02097902097902098,0.009516277166989814
iam_152_c03-096c,0.023121387283236993,0.014450867052023121,0.011560693641618497,0.0,0.012283236994219652,0.009549242582658482
iam_153_c03-003d,0.02849740932642487,0.0051813471502590676,0.025906735751295335,0.0,0.01489637305699482,0.014404859514345662
iam_153_c03-096d,0.02023121387283237,0.0,0.0,0.0,0.0050578034682080926,0.010115606936416185
iam_154_c03-021e,0.03496503496503497,0.004662004662004662,0.04428904428904429,0.0,0.02097902097902098,0.0219494124193093
iam_157_c04-000,0.02880658436213992,0.0,0.00411522633744856,0.0,0.00823045267489712,0.013853916239179805
iam_157_c04-004,0.026570048309178744,0.0024154589371980675,0.0024154589371980675,0.0,0.00785024154589372,0.012531708869785331
iam_158_e04-000,0.05263157894736842,0.011695906432748537,0.03216374269005848,0.023391812865497075,0.029970760233918127,0.01727787319808561
iam_159_c04-017,0.027855153203342618,0.011142061281337047,0.027855153203342618,0.0,0.016713091922005572,0.013646182411048346
iam_160_c04-023,0.017921146953405017,0.0,0.0,0.0035842293906810036,0.005376344086021505,0.008532172555009378
iam_164_c04-075,0.05121951219512195,0.00975609756097561,0.05121951219512195,0.0,0.028048780487804875,0.027050089040022963
iam_166_c04-089,0.046296296296296294,0.011655011655011656,0.018648018648018648,0.006944444444444444,0.02088594276094276,0.01760937094767284
iam_166_c04-098,0.04594594594594595,0.002702702702702703,0.021621621621621623,0.0,0.01756756756756757,0.021223817998900444
iam_168_c04-116,0.04716981132075472,0.006289308176100629,0.018867924528301886,0.009433962264150943,0.020440251572327043,0.018604024475156026
iam_170_c04-150,0.05115089514066496,0.010230179028132993,0.03836317135549872,0.0,0.024936061381074168,0.02384376175779539
iam_171_c04-156,0.045112781954887216,0.018796992481203006,0.02631578947368421,0.041353383458646614,0.03289473684210526,0.012421195239097122
iam_172_c04-165,0.04156479217603912,0.007352941176470588,0.01715686274509804,0.0,0.016518649024401935,0.01811622265144873
iam_175_d01-016,0.046357615894039736,0.01,0.32,0.006622516556291391,0.09574503311258278,0.1505815845469374
iam_175_d01-019,0.046875,0.0,0.020089285714285716,0.002232142857142857,0.017299107142857144,0.021670187320254015
iam_176_d01-024,0.04335260115606936,0.0953757225433526,0.04046242774566474,0.04046242774566474,0.05491329479768786,0.02700933674157261
iam_177_d01-049,0.015544041450777202,0.0,0.0,0.0,0.0038860103626943004,0.007772020725388602
iam_177_d01-052,0.021148036253776436,0.00906344410876133,0.006042296072507553,0.006042296072507553,0.010574018126888218,0.0071917708243130415
iam_178_d01-060,0.3225225225225225,0.31351351351351353,0.3063063063063063,0.2702702702702703,0.30315315315315317,0.022903681640442444
iam_179_d01-080,0.05759162303664921,0.005235602094240838,0.04450261780104712,0.0,0.026832460732984294,0.028546837352453034
iam_179_d01-085,0.03888888888888889,0.016666666666666666,0.041666666666666664,0.016666666666666666,0.028472222222222218,0.013678969169161257
iam_180_d01-098,0.017721518987341773,0.012658227848101266,0.002531645569620253,0.0,0.008227848101265823,0.008364652996455278
iam_181_d01-118,0.021341463414634148,0.0,0.0,0.0,0.005335365853658537,0.010670731707317074
iam_184_d04-005,0.023952095808383235,0.023952095808383235,0.0,0.005988023952095809,0.01347305389221557,0.012344627621609764
iam_185_d04-012,0.12962962962962962,0.007978723404255319,0.010638297872340425,0.005291005291005291,0.03838441404930766,0.060869302761605265
iam_186_d04-021,0.06764705882352941,0.0,0.01764705882352941,0.008823529411764706,0.023529411764705882,0.03028126512055
iam_187_d04-032,0.053763440860215055,0.025806451612903226,1.3333333333333333,0.0,0.3532258064516129,0.6537737572285455
iam_187_d04-037,0.10333333333333333,0.006666666666666667,0.02,0.0033333333333333335,0.03333333333333333,0.0472189541352795
iam_189_d04-050,0.050314465408805034,0.009433962264150943,0.012578616352201259,0.0,0.018081761006289308,0.02214321821203104
iam_190_d04-058,0.049868766404199474,0.005249343832020997,0.023622047244094488,0.0026246719160104987,0.020341207349081365,0.021788992835367053
iam_190_d04-062,0.024734982332155476,0.0035335689045936395,0.19434628975265017,0.0035335689045936395,0.05653710247349823,0.09241481859096833
iam_192_d04-075,0.45934959349593496,0.43089430894308944,1.0,0.43360433604336046,0.5809620596205962,0.2796527703454208
iam_194_d04-089,0.02962962962962963,0.0,0.009876543209876543,0.0,0.009876543209876543,0.01396754135677131
iam_195_d04-101,0.05642633228840126,0.003134796238244514,1.0,0.0,0.26489028213166144,0.4907566646352724
iam_196_d04-111,0.09551656920077972,0.07407407407407407,1.0311890838206628,0.056530214424951264,0.31432748538011696,0.47817357480106776
iam_197_d04-121,0.03125,0.013020833333333334,0.0234375,0.018229166666666668,0.021484375000000003,0.007776246904153176
iam_199_d05-025,0.01278772378516624,0.0,0.0,0.0,0.00319693094629156,0.00639386189258312
iam_202_e06-006,0.007633587786259542,0.0,0.0,0.0,0.0019083969465648854,0.0038167938931297713
iam_203_d06-003,0.020253164556962026,0.0,0.017721518987341773,0.0,0.00949367088607595,0.011010960633502017
iam_203_e06-010,0.024282560706401765,0.00663716814159292,0.05309734513274336,0.002207505518763797,0.02155614487487546,0.023088426889493228
iam_203_e06-046,0.032640949554896145,0.0,0.002967359050445104,0.0,0.008902077151335312,0.015887614643134533
iam_204_d06-107,0.04632152588555858,0.008174386920980926,0.04087193460490463,0.0,0.023841961852861034,0.02316076294277929
iam_204_e06-030,0.0345679012345679,0.0024691358024691358,0.08641975308641975,0.0,0.030864197530864196,0.04024514626632971
iam_205_e06-026,0.0,0.0030864197530864196,0.033950617283950615,0.0,0.009259259259259259,0.01652508066276647
iam_206_d06-056,0.02425876010781671,0.0,0.01078167115902965,0.0,0.00876010781671159,0.011514829845441416
iam_206_d06-096,0.017721518987341773,0.005063291139240506,0.0379746835443038,0.005063291139240506,0.016455696202531647,0.015537512775967906
iam_207_d06-037,0.020958083832335328,0.0,0.011976047904191617,0.0,0.008233532934131736,0.010189909110110846
iam_207_d06-100,0.016611295681063124,0.0033222591362126247,0.013289036544850499,0.0,0.008305647840531562,0.007908558614111683
iam_207_e06-070,0.012165450121654502,0.0,0.0072992700729927005,0.0,0.004866180048661801,0.005959829057866614
iam_208_d06-041,0.125,0.0701219512195122,1.0,0.012195121951219513,0.3018292682926829,0.4677204222787552
iam_208_d06-060,0.07389162561576355,0.03694581280788178,1.0,0.0,0.2777093596059113,0.48247107401006395
iam_208_d06-113,0.1164021164021164,0.06349206349206349,1.0,0.0,0.294973544973545,0.4724204080732655
iam_209_d07-085,0.01567398119122257,0.003134796238244514,0.009404388714733543,0.0,0.007053291536050156,0.006950958566170361
iam_210_e01-018,0.027707808564231738,0.010101010101010102,0.005050505050505051,0.007556675062972292,0.012603999694679796,0.010278144556150727
iam_211_e01-025,0.02570093457943925,0.002336448598130841,0.009345794392523364,0.0,0.009345794392523364,0.01160410002005556
iam_216_e01-107,0.020737327188940093,0.0,0.002304147465437788,0.0,0.00576036866359447,0.010043545952858696
iam_217_e01-119,0.02023121387283237,0.017191977077363897,0.008595988538681949,0.0,0.011504794872219552,0.009116210640879332
iam_217_g01-000,0.027918781725888325,0.005076142131979695,0.007614213197969543,0.0,0.010152284263959392,0.012260048008620506
iam_218_e02-000,0.026392961876832845,0.0,0.017595307917888565,0.0,0.010997067448680353,0.013196480938416424
iam_219_e02-014,0.020202020202020204,0.010101010101010102,0.734006734006734,0.0,0.19107744107744107,0.3620468126443154
iam_220_e02-018,0.021739130434782608,0.0,0.0,0.0,0.005434782608695652,0.010869565217391304
iam_221_e02-021,0.0736196319018405,0.006134969325153374,0.25766871165644173,0.0,0.08435582822085891,0.12025948333688748
iam_222_e02-025,0.038834951456310676,0.019417475728155338,0.012944983818770227,0.0,0.01779935275080906,0.016181229773462782
iam_225_e02-086,0.018145161290322582,0.0,0.0,0.0,0.0045362903225806455,0.009072580645161291
iam_227_e02-094,0.3590733590733591,0.3030888030888031,0.32432432432432434,0.13513513513513514,0.28040540540540543,0.09955820128308603
iam_230_e04-008,0.03787878787878788,0.0,0.01893939393939394,0.0,0.014204545454545456,0.01813308916205186
iam_233_e04-026,0.03488372093023256,0.00872093023255814,0.03197674418604651,0.005813953488372093,0.020348837209302324,0.015198049555579575
iam_235_e04-043,0.029154518950437316,0.0,0.0029154518950437317,0.0029154518950437317,0.008746355685131196,0.0136746815155202
iam_236_e04-058,0.035398230088495575,0.0029498525073746312,0.029498525073746312,0.0,0.01696165191740413,0.0180841437146013
iam_238_e04-079,0.0962962962962963,0.007407407407407408,0.025925925925925925,0.003703703703703704,0.03333333333333333,0.043086242880531235
iam_239_h04-000,0.19477911646586346,0.1902834008097166,0.1882591093117409,0.1927710843373494,0.19152317773116756,0.0028489528721682054
iam_239_k04-017,0.026252983293556086,0.002398081534772182,0.02158273381294964,0.00477326968973747,0.013751767082753845,0.01193208612156745
iam_240_e04-086,0.08414239482200647,0.04854368932038835,0.06796116504854369,0.0,0.05016181229773463,0.03647063970739367
iam_242_e04-103,0.045454545454545456,0.006060606060606061,0.012121212121212121,0.0,0.015909090909090907,0.020309059861498082
iam_243_e04-127,0.0374331550802139,0.0106951871657754,0.016042780748663103,0.013368983957219251,0.019385026737967916,0.01222854076115173
iam_244_e07-003,0.01327433628318584,0.0,0.028761061946902654,0.0,0.010508849557522123,0.013682872651386041
iam_245_e07-007,0.027700831024930747,0.00554016620498615,0.00554016620498615,0.0,0.009695290858725763,0.012284519571237369
iam_247_e07-086,0.01240694789081886,0.0,0.062034739454094295,0.0,0.01861042183622829,0.02953444345964785
iam_247_e07-090,0.03125,0.0,0.033854166666666664,0.0,0.016276041666666664,0.018824000383855417
iam_250_f01-053,0.030303030303030304,0.0,0.015151515151515152,0.0,0.011363636363636364,0.014506471329641488
iam_250_f01-058,0.05412371134020619,0.0,0.06994818652849741,0.015463917525773196,0.0348839538486192,0.032627681134567155
iam_254_f01-081,0.020895522388059702,0.0,0.008955223880597015,0.0,0.00746268656716418,0.009900372508523582
iam_255_f01-135,0.21980676328502416,0.2087378640776699,0.23058252427184467,0.15217391304347827,0.20282526616950425,0.03492542058522884
iam_258_f02-003,0.02666666666666667,0.003355704697986577,0.003355704697986577,0.0,0.008344519015659956,0.012316772152102829
iam_259_f02-033,0.050955414012738856,0.040339702760084924,0.03184713375796178,0.03397027600849257,0.03927813163481953,0.00858057724910272
iam_260_f02-020,0.045454545454545456,0.010101010101010102,0.017676767676767676,0.0,0.018308080808080808,0.01949248514631214
iam_261_f02-030,0.03133903133903134,0.0057306590257879654,0.0,0.0,0.009267422591204827,0.014960334802433839
iam_265_f02-044,0.024193548387096774,0.012924071082390954,0.014539579967689823,0.0016129032258064516,0.013317525665746,0.009254445416896271
iam_267_f03-169,0.052307692307692305,0.006153846153846154,0.40307692307692305,0.018461538461538463,0.12,0.18972418473191377
iam_272_f04-004,0.022792022792022793,0.0,0.002849002849002849,0.0,0.006410256410256411,0.011003447508315735
iam_273_g04-007,0.05913978494623656,0.026881720430107527,0.0456989247311828,0.0,0.03293010752688172,0.02563178268886703
iam_273_g04-011,0.02926829268292683,0.014634146341463415,0.6829268292682927,0.0,0.18170731707317075,0.33435991038522217
iam_273_g04-014,0.02702702702702703,0.0,0.023166023166023165,0.0,0.012548262548262547,0.014574969952260134
iam_274_f04-020,0.030303030303030304,0.010101010101010102,0.012626262626262626,0.012626262626262626,0.016414141414141416,0.009335468439738566
iam_275_f04-024,0.029649595687331536,0.0026954177897574125,0.0026954177897574125,0.0,0.00876010781671159,0.013984171083803577
iam_277_f04-039,0.015957446808510637,0.013297872340425532,0.0,0.0,0.007313829787234043,0.00851479286892666
iam_277_f04-043,0.02601156069364162,0.031791907514450865,0.008670520231213872,0.0,0.016618497109826588,0.014807732320750866
iam_278_f04-046,0.01818181818181818,0.0,0.0,0.0,0.004545454545454545,0.00909090909090909
iam_279_f04-053,0.02849002849002849,0.0,0.005698005698005698,0.0,0.008547008547008548,0.013563966625912346
iam_279_f04-057,0.0182648401826484,0.0045871559633027525,0.0045871559633027525,0.00228310502283105,0.007430564283021239,0.007304058525912112
iam_286_f07-006,0.018018018018018018,0.009009009009009009,0.07507507507507508,0.0,0.025525525525525526,0.033842125133887825
iam_286_f07-009,0.018947368421052633,0.008421052631578947,0.042105263157894736,0.0,0.017368421052631578,0.018221981996629874
iam_287_f07-021b,0.0391644908616188,0.005221932114882507,0.02610966057441253,0.005221932114882507,0.018929503916449084,0.016701341220535675
iam_288_f07-019a,0.018957345971563982,0.002380952380952381,0.004761904761904762,0.0,0.006525050778605281,0.008513136649396187
iam_288_f07-024a,0.023017902813299233,0.0076726342710997444,0.005115089514066497,0.0,0.008951406649616368,0.009905328251169866
iam_289_f07-032b,0.0273972602739726,0.009823182711198428,0.019646365422396856,0.0,0.014216702101891972,0.01189714235705333
iam_289_f07-039b,0.0226628895184136,0.0028328611898017,0.025495750708215296,0.0,0.012747875354107648,0.013186251221689276
iam_290_f07-046b,0.022388059701492536,0.0,0.0024875621890547263,0.007462686567164179,0.00808457711442786,0.010027683766540483
iam_291_f07-081b,0.010723860589812333,0.0,0.002680965147453083,0.0,0.003351206434316354,0.005074985116890324
iam_292_f07-092a,0.009009009009009009,0.0,0.003003003003003003,0.0,0.003003003003003003,0.0042468875746939794
iam_293_f07-092b,0.03903903903903904,0.0,0.25825825825825827,0.015015015015015015,0.07807807807807808,0.12119141897306664
iam_293_f07-096,0.04597701149425287,0.017241379310344827,1.0,0.028735632183908046,0.27298850574712646,0.4848181756161373
iam_293_f07-101b,0.027559055118110236,0.03543307086614173,0.0984251968503937,0.007874015748031496,0.042322834645669286,0.03915624343263961
iam_293_g07-000b,0.049586776859504134,0.01859504132231405,0.08471074380165289,0.010330578512396695,0.04080578512396694,0.033797468201969605
iam_294_g07-000a,0.8037190082644629,0.7995867768595041,1.0,0.78099173553719,0.8460743801652892,0.10309206542901465
iam_296_g01-016,0.06983240223463687,0.019662921348314606,0.17415730337078653,0.04189944134078212,0.07638801707363004,0.06833497828125594
iam_297_g01-022,0.8909090909090909,0.8909090909090909,0.8872727272727273,0.3472727272727273,0.754090909090909,0.2712175384595253
iam_298_g01-031,0.22807017543859648,0.18070175438596492,0.18070175438596492,0.0,0.1473684210526316,0.10075125624814897
iam_300_g01-070,0.017241379310344827,0.0024630541871921183,0.014778325123152709,0.0,0.008620689655172414,0.008649962030256763
iam_301_g01-083,0.10204081632653061,0.05196850393700787,1.0,0.0565149136577708,0.3026310584803273,0.4654620495937657
iam_303_g02-059,0.02242152466367713,0.002242152466367713,0.07174887892376682,0.0,0.024103139013452915,0.03332570780211741
iam_309_g03-004,0.03939393939393939,0.02727272727272727,0.021212121212121213,0.0,0.02196969696969697,0.016481988759677494
iam_310_g03-016,0.02972972972972973,0.0,0.02972972972972973,0.002702702702702703,0.015540540540540541,0.016421374895097464
iam_315_n02-104,0.08787878787878788,0.11515151515151516,1.2181818181818183,0.012121212121212121,0.3583333333333334,0.5748870345907595
iam_315_r03-053,0.6078860898138007,0.6037321624588364,0.7650933040614709,0.5772179627601315,0.6384823797735599,0.08549340228687545
iam_318_g03-064,0.32653061224489793,0.22866894197952217,0.9965870307167235,0.061224489795918366,0.4032527686842655,0.4104447554773176
iam_321_g04-048,0.028169014084507043,0.0,0.011267605633802818,0.0,0.009859154929577466,0.01331215669366932
iam_322_g04-052,0.04310344827586207,0.014367816091954023,0.022988505747126436,0.014367816091954023,0.023706896551724137,0.013554570592035351
iam_324_g04-060,0.027247956403269755,0.0,0.005449591280653951,0.0027247956403269754,0.00885558583106267,0.012461782683026562
iam_325_g04-068,0.030508474576271188,0.003389830508474576,0.01864406779661017,0.0,0.013135593220338984,0.014138411024002484
iam_325_g04-072,0.028503562945368172,0.0,0.0,0.0,0.007125890736342043,0.014251781472684086
iam_326_g04-077,0.013927576601671309,0.011142061281337047,0.002785515320334262,0.0,0.006963788300835654,0.006630852765592247
iam_331_g05-087,0.02,0.0,0.006666666666666667,0.0,0.006666666666666667,0.009428090415820633
iam_332_g06-018a,0.03260869565217391,0.0,0.013623978201634877,0.002717391304347826,0.012237516289539153,0.014801990968883528
iam_332_g06-050a,0.050761421319796954,0.01015228426395939,0.01015228426395939,0.0,0.017766497461928935,0.022511226219374063
iam_333_g06-011b,0.10805084745762712,0.2018348623853211,0.2036697247706422,0.08050847457627118,0.1485159772974654,0.06363250355668643
iam_333_g06-018b,0.07608695652173914,0.08991825613079019,0.0326975476839237,0.002717391304347826,0.05035503791020021,0.04003545181725823
iam_334_g06-018c,0.03260869565217391,0.0027247956403269754,0.0681198910081744,0.002717391304347826,0.026542693401255774,0.031093391676860038
iam_334_g06-026c,0.03355704697986577,0.0,0.1447811447811448,0.003355704697986577,0.045423474114749285,0.06793562648457392
iam_334_g06-031c,0.05412371134020619,0.041343669250646,1.0,0.002577319587628866,0.27451117504462025,0.48415554552749845
iam_334_g06-037c,0.02286902286902287,0.027139874739039668,1.0,0.0,0.26250222440201565,0.49180954773970853
iam_334_g06-047c,0.030120481927710843,0.0030120481927710845,0.009036144578313253,0.0,0.010542168674698796,0.013582077568743658
iam_335_g06-018d,0.043478260869565216,0.035422343324250684,0.010899182561307902,0.002717391304347826,0.023129294514867903,0.019420100513014186
iam_335_g06-045d,0.02881844380403458,0.01440922190201729,0.008645533141210375,0.0,0.01296829971181556,0.01211289165506099
iam_336_g06-050e,0.04568527918781726,0.02030456852791878,0.03807106598984772,0.0,0.02601522842639594,0.0203441872358901
iam_337_g06-037f,0.02286902286902287,0.010438413361169102,0.033402922755741124,0.0,0.016677589746483274,0.014550371474072598
iam_338_g06-018g,0.057065217391304345,0.008174386920980926,0.18256130790190736,0.005434782608695652,0.06330892370572208,0.08296454736653439
iam_338_g06-031g,0.03865979381443299,0.02072538860103627,0.09844559585492228,0.002577319587628866,0.0401020244645051,0.04159170528410218
iam_338_g06-047g,0.024096385542168676,0.018072289156626505,0.04819277108433735,0.0,0.022590361445783132,0.019903842973492982
iam_338_g06-050g,0.04568527918781726,0.005076142131979695,0.04568527918781726,0.0,0.024111675126903553,0.024997101019787065
iam_339_g06-011h,0.05296610169491525,0.02553191489361702,1.0,0.00423728813559322,0.2706838261810314,0.4866197373013223
iam_339_g06-031h,0.05154639175257732,0.04404145077720207,1.0,0.005154639175257732,0.27518562042625927,0.4836371737286665
iam_339_g06-045h,0.025936599423631124,0.01440922190201729,0.01729106628242075,0.0,0.01440922190201729,0.010782874313469571
iam_339_g06-050h,0.03553299492385787,0.015228426395939087,1.0,0.0,0.2626903553299492,0.491755226227187
iam_340_g06-042i,0.025925925925925925,0.0037174721189591076,1.0,0.0,0.2574108495112213,0.4951917444955766
iam_340_g06-045i,0.01440922190201729,0.0,0.0,0.0,0.0036023054755043226,0.007204610951008644
iam_341_g06-011j,0.023305084745762712,0.021231422505307854,1.0,0.00211864406779661,0.26166378782971683,0.49231650980634806
iam_341_g06-042j,0.018518518518518517,0.003703703703703704,0.03333333333333333,0.0,0.013888888888888888,0.015233287258337119
iam_341_g06-047j,0.015060240963855422,0.0030120481927710845,0.06325301204819277,0.0,0.02033132530120482,0.029344935232280083
iam_341_g06-050j,0.02284263959390863,0.005076142131979695,0.03299492385786802,0.0,0.015228426395939087,0.015368783523337521
iam_342_g06-050k,0.04314720812182741,0.007614213197969543,0.017766497461928935,0.0,0.01713197969543147,0.01880857366786439
iam_343_g06-037l,0.02286902286902287,0.2881002087682672,0.027139874739039668,0.0,0.08452727659408243,0.13623735824717062
iam_343_g06-042l,0.025925925925925925,0.0037174721189591076,1.0,0.0,0.2574108495112213,0.4951917444955766
iam_343_g06-047l,0.045180722891566265,0.006024096385542169,1.0,0.0,0.2628012048192771,0.4918738640615133
iam_344_g06-018m,0.035326086956521736,0.0027247956403269754,0.021798365122615803,0.002717391304347826,0.015641659755953084,0.01590873752352345
iam_344_g06-026m,0.02348993288590604,0.003367003367003367,0.037037037037037035,0.003355704697986577,0.016812419496983255,0.016487234736714276
iam_344_g06-031m,0.04381443298969072,0.010362694300518135,0.06217616580310881,0.002577319587628866,0.02973265317023663,0.02806828271341285
iam_344_g06-037m,0.029106029106029108,0.0020876826722338203,0.010438413361169102,0.0,0.010408031284858007,0.013256084915404703
iam_345_g06-031n,0.1134020618556701,0.059431524547803614,0.8113695090439277,0.02577319587628866,0.2524940728309225,0.3743277727322524
iam_345_g06-042n,0.07037037037037037,0.05555555555555555,0.6962962962962963,0.0,0.20555555555555555,0.32855978417738874
iam_345_g06-050n,0.09137055837563451,0.1065989847715736,2.116751269035533,0.04314720812182741,0.5894670050761421,1.0185486633327354
iam_346_g06-018o,0.05434782608695652,0.0027247956403269754,0.013623978201634877,0.005434782608695652,0.019032845634403505,0.023994884898868824
iam_346_g06-026o,0.03691275167785235,0.013468013468013467,0.02356902356902357,0.010067114093959731,0.02100422570221228,0.012056454591980667
iam_346_g06-050o,0.06598984771573604,0.02284263959390863,0.03299492385786802,0.0,0.030456852791878174,0.027414300754686382
iam_347_g06-011p,0.08050847457627118,0.04670912951167728,0.044585987261146494,0.038135593220338986,0.052484796142358486,0.019034842475797852
iam_347_g06-031p,0.09536082474226804,0.054404145077720206,0.05958549222797927,0.005154639175257732,0.05362627530580631,0.037091730765514926
iam_347_g06-047p,0.06626506024096386,0.1746987951807229,0.05120481927710843,0.05120481927710843,0.08584337349397589,0.059660861513034465
iam_348_g06-042r,0.025925925925925925,0.07063197026022305,0.040892193308550186,0.0,0.03436252237367479,0.029496149782733034
iam_348_g06-050r,0.04314720812182741,0.01015228426395939,0.03553299492385787,0.02030456852791878,0.02728426395939086,0.014853680089745717
iam_350_g07-007b,0.03209876543209877,0.05707196029776675,1.1240694789081886,0.056790123456790124,0.31750758202371104,0.5378353503813488
iam_350_g07-010b,0.024955436720142603,0.0017857142857142857,1.0,0.0053475935828877,0.25802218614718614,0.4947567635306055
iam_352_g07-026b,0.056847545219638244,0.012919896640826873,0.9767441860465116,0.05426356589147287,0.2751937984496124,0.4681331006829594
iam_353_g07-038,0.1292929292929293,0.1111111111111111,0.12727272727272726,0.0,0.09191919191919191,0.06181730154959629
iam_353_g07-042,0.03349282296650718,0.0023923444976076554,0.019138755980861243,0.0,0.013755980861244018,0.015672443386789112
iam_353_g07-047,0.03294573643410853,0.001937984496124031,1.0,0.0,0.25872093023255816,0.49441652425577776
iam_354_g07-074a,0.018604651162790697,0.0,0.0,0.0,0.004651162790697674,0.009302325581395349
iam_355_g07-084,0.0472972972972973,0.018018018018018018,0.033783783783783786,0.006756756756756757,0.026463963963963964,0.017769970538355294
iam_355_h07-000,0.013513513513513514,0.005405405405405406,0.051351351351351354,0.0,0.01756756756756757,0.023197104846096814
iam_355_h07-003,0.029982363315696647,0.001763668430335097,0.09523809523809523,0.0,0.031746031746031744,0.044501330670842
iam_355_h07-011,0.02531645569620253,0.006329113924050633,0.015822784810126583,0.028481012658227847,0.0189873417721519,0.010007207785342974
iam_357_h01-014,0.039832285115303984,0.010570824524312896,0.004228329809725159,0.0,0.01365785986233551,0.017982245850965625
iam_357_h01-018,0.03314917127071823,0.008379888268156424,0.002793296089385475,0.0,0.011080588907065031,0.015119245839389414
iam_366_h02-019,0.4068010075566751,0.3954659949622166,0.4017632241813602,0.3954659949622166,0.3998740554156171,0.005489797158111686
iam_368_h02-024,0.022792022792022793,0.0,0.002849002849002849,0.005698005698005698,0.007834757834757835,0.010239249122909699
iam_373_h02-043,0.08423913043478261,0.010869565217391304,0.07608695652173914,0.010869565217391304,0.04551630434782609,0.04014480082253847
iam_379_h04-052,0.01877133105802048,0.005119453924914676,0.0017064846416382253,0.0,0.006399317406143345,0.008518190632464128
iam_382_h04-074,0.01141552511415525,0.01598173515981735,0.0136986301369863,0.0,0.010273972602739725,0.007098461988652066
iam_384_h06-079,0.022408963585434174,0.0,0.0028011204481792717,0.0056022408963585435,0.007703081232492998,0.010067160902356594
iam_384_j06-014,0.022132796780684104,0.006036217303822937,0.004024144869215292,0.004024144869215292,0.009054325955734405,0.008770420409538578
iam_386_h07-033,0.35129740518962077,0.3473053892215569,0.34930139720558884,0.3473053892215569,0.34880239520958084,0.001911032151210253
iam_386_h07-037,0.009708737864077669,0.012944983818770227,0.003236245954692557,0.0,0.006472491909385114,0.00590854970339985
iam_387_h07-028a,0.021406727828746176,0.01529051987767584,0.012232415902140673,0.0,0.012232415902140673,0.009002814338764369
iam_387_h07-040b,0.03406813627254509,0.008016032064128256,0.03807615230460922,0.0,0.02004008016032064,0.01887033652882503
iam_388_h07-040,0.13226452905811623,0.13026052104208416,0.1282565130260521,0.1282565130260521,0.12975951903807614,0.0019186915987100986
iam_390_h07-063b,0.11663479923518165,0.09751434034416825,0.20267686424474188,0.0,0.10420650095602293,0.0831758276173242
iam_392_h07-084,0.0288659793814433,0.008247422680412371,0.016494845360824743,0.002061855670103093,0.013917525773195877,0.011587433195936334
iam_393_j07-009,0.0225,0.002512562814070352,0.002512562814070352,0.005,0.008131281407035175,0.009650647551809057
iam_394_j01-045,0.0546218487394958,0.0423728813559322,0.05084745762711865,0.01680672268907563,0.04116222760290557,0.017025680445332935
iam_399_j01-070,0.01773049645390071,0.0070921985815602835,0.0425531914893617,0.0070921985815602835,0.018617021276595744,0.01672691690080958
iam_400_j04-008,0.027972027972027972,0.002288329519450801,0.02288329519450801,0.004662004662004662,0.014451414336997861,0.012879916950129537
iam_401_j04-012,0.012345679012345678,0.0024691358024691358,0.0024691358024691358,0.0,0.004320987654320987,0.005474952549650234
iam_403_j04-024,0.027149321266968326,0.02262443438914027,0.029411764705882353,0.0022624434389140274,0.020361990950226245,0.01239191306572774
iam_404_j04-039,0.020089285714285716,0.0022522522522522522,0.0,0.011160714285714286,0.008375563063063064,0.009176298411159429
iam_406_k04-005,0.04736842105263158,0.015789473684210527,0.05263157894736842,0.002631578947368421,0.029605263157894735,0.02425006306452471
iam_409_j04-070,0.03313840155945419,0.001949317738791423,0.001949317738791423,0.001949317738791423,0.009746588693957114,0.015594541910331381
iam_409_j04-076,0.6047297297297297,0.5962837837837838,0.5945945945945946,0.5945945945945946,0.5975506756756758,0.004851826559576018
iam_413_j04-103,0.02127659574468085,0.0,0.0,0.0,0.005319148936170213,0.010638297872340425
iam_415_j06-022,0.09560723514211886,0.4806201550387597,1.0,0.0103359173126615,0.39664082687338503,0.45127505502242776
iam_415_j06-034,0.34462151394422313,0.31,0.374,0.3047808764940239,0.3333505976095617,0.032356796519773
iam_424_k02-067,0.057926829268292686,0.046153846153846156,0.04923076923076923,0.0,0.03832786116322702,0.02603372132148137
iam_434_k03-152,0.02588235294117647,0.0,0.023529411764705882,0.0,0.012352941176470587,0.014296255791026027
iam_439_k04-000,0.06643356643356643,0.04895104895104895,0.09090909090909091,0.0,0.051573426573426576,0.038448291848966636
iam_441_k04-014,0.008670520231213872,0.002890173410404624,0.011560693641618497,0.0,0.005780346820809248,0.005276710573267496
iam_442_k04-028,0.051829268292682924,0.006097560975609756,0.027439024390243903,0.021341463414634148,0.026676829268292682,0.01901927568314319
iam_443_k04-054,0.011682242990654205,0.011682242990654205,0.02102803738317757,0.0,0.011098130841121495,0.008611115415691581
iam_445_k04-064,0.030508474576271188,0.0,0.010169491525423728,0.0,0.010169491525423728,0.014381832837692492
iam_447_k04-093,0.024017467248908297,0.019650655021834062,1.0,0.019650655021834062,0.26582969432314413,0.4894511993661478
iam_448_k04-099,0.03313253012048193,0.0,0.015060240963855422,0.0,0.012048192771084338,0.015747376647949923
iam_449_k04-106,0.03409090909090909,0.005698005698005698,0.008547008547008548,0.014204545454545454,0.015635117197617197,0.01280169596992417
iam_450_k04-110,0.05542168674698795,,,0.00963855421686747,0.03253012048192771,0.03237356347601061
iam_450_k04-115,0.04487179487179487,0.003205128205128205,0.022435897435897436,0.00641025641025641,0.019230769230769232,0.01905187446594766
iam_452_k04-142,0.05325443786982249,0.011834319526627219,0.026627218934911243,0.0,0.022928994082840236,0.022964755467840273
iam_453_k04-163,0.037383177570093455,0.004672897196261682,0.014018691588785047,0.0,0.014018691588785047,0.016630963009394564
iam_454_k07-063a,0.024539877300613498,0.003076923076923077,0.009230769230769232,0.003067484662576687,0.009978763567720624,0.010132237445162394
iam_455_k07-122,0.022284122562674095,,,0.013927576601671309,0.018105849582172703,0.005908970316322124
iam_455_k07-134,0.023333333333333334,0.006666666666666667,1.0,0.0,0.2575,0.4950972594312114
iam_456_k07-185,0.058524173027989825,0.043256997455470736,0.03816793893129771,0.2951653944020356,0.10877862595419846,0.12455854100824976
iam_458_l01-007,0.054945054945054944,0.02197802197802198,0.02564102564102564,0.0,0.02564102564102564,0.022580271073146432
iam_459_l01-030,0.0438871473354232,0.009404388714733543,1.0,0.0,0.26332288401253917,0.4914803350591674
iam_462_l01-082,0.07717041800643087,0.23548387096774193,0.22903225806451613,0.0,0.13542163675967223,0.1162004350604249
iam_463_l01-095,0.039119804400977995,0.014742014742014743,0.019656019656019656,0.0,0.018379459699753097,0.016153710082857077
iam_464_l01-105,0.1368653421633554,0.11920529801324503,0.7660044150110376,0.1390728476821192,0.29028697571743933,0.3172695660654233
iam_467_l01-129,0.06040268456375839,0.0,0.02348993288590604,0.0,0.02097315436241611,0.028523489932885907
iam_469_l01-143,0.04149377593360996,0.024793388429752067,0.024793388429752067,0.0,0.02277013819827852,0.017100106106989952
iam_476_l03-000,0.022304832713754646,,,0.0,0.011152416356877323,0.015771898465127453
iam_478_l03-008,0.035422343324250684,0.008174386920980926,0.02997275204359673,0.0027247956403269754,0.01907356948228883,0.016043162336653673
iam_480_l04-012,0.0486322188449848,0.02127659574468085,0.723404255319149,0.0121580547112462,0.20136778115501522,0.3483692428039091
iam_481_l04-020,0.0681198910081744,0.0027472527472527475,0.08516483516483517,0.02452316076294278,0.04513878492080128,0.03808876428631809
iam_483_l04-052,0.1072463768115942,0.017391304347826087,0.028985507246376812,0.0,0.03840579710144927,0.04741441915870519
iam_484_l04-071,0.02610441767068273,0.0,0.008032128514056224,0.0,0.008534136546184738,0.012310290600903294
iam_485_l04-082,0.09192200557103064,0.07799442896935933,0.0807799442896936,0.07520891364902507,0.08147632311977715,0.007325781726118616
iam_488_l04-106,0.057803468208092484,0.011627906976744186,0.03197674418604651,0.0,0.025352029842720794,0.02535126333274676
iam_488_l04-113,0.053125,0.0,0.021875,0.0,0.01875,0.025129871003780876
iam_489_l04-124,0.03140096618357488,0.009708737864077669,0.014563106796116505,0.004830917874396135,0.015125932179541297,0.011554606845169471
iam_490_l04-136,0.03655352480417755,0.015665796344647518,0.02610966057441253,0.033942558746736295,0.028067885117493474,0.009383750501674426
iam_491_l04-141,0.0223463687150838,0.013966480446927373,0.01675977653631285,0.0,0.013268156424581005,0.009506786711667662
iam_493_l04-170,0.01597444089456869,0.003194888178913738,0.01597444089456869,0.006389776357827476,0.010383386581469648,0.006586430711849297
iam_495_l07-052,0.07894736842105263,0.041353383458646614,0.045112781954887216,0.06015037593984962,0.05639097744360902,0.01709045325436824
iam_495_l07-074,0.06643356643356643,0.017421602787456445,0.013937282229965157,0.0,0.024448112862747007,0.028984696758382885
iam_496_l07-085,0.07553956834532374,0.0035971223021582736,1.0,0.0,0.2697841726618705,0.48805230812528505
iam_496_l07-111,0.03684210526315789,0.010498687664041995,0.013123359580052493,0.010526315789473684,0.017747617074181515,0.012789024023339642
iam_498_l07-190,0.05652173913043478,0.021739130434782608,0.030434782608695653,0.043478260869565216,0.03804347826086957,0.015217391304347827
iam_500_m01-012,0.03937007874015748,0.010498687664041995,0.023622047244094488,0.0,0.01837270341207349,0.017009818106057374
iam_509_m01-079,0.021739130434782608,0.003105590062111801,0.006211180124223602,0.0,0.007763975155279502,0.009655671897607469
iam_510_m01-084,0.04498269896193772,0.003436426116838488,0.041237113402061855,0.01730103806228374,0.02673931913578045,0.01979152106958469
iam_511_m01-090,0.045112781954887216,0.02756892230576441,1.0,0.002506265664160401,0.268796992481203,0.48778212256178133
iam_513_m01-121,0.019337016574585635,0.011019283746556474,0.011019283746556474,0.0,0.010343896016924646,0.007932731756132282
iam_515_m01-115,0.045454545454545456,0.0,0.02727272727272727,0.015151515151515152,0.02196969696969697,0.019225117485529578
iam_522_m02-055,0.06958762886597938,0.041237113402061855,1.0,0.007731958762886598,0.27963917525773196,0.4809055511719311
iam_523_m02-059,0.03880597014925373,0.008955223880597015,0.01791044776119403,0.0,0.016417910447761194,0.016620192127850812
iam_524_m02-066,0.08529411764705883,0.3352941176470588,1.223529411764706,0.0,0.41102941176470587,0.5600418865122611
iam_528_m02-080,0.0872093023255814,0.518840579710145,0.0782608695652174,0.0,0.17107768790023595,0.23512795954686447
iam_532_m02-095,0.030805687203791468,0.014218009478672985,1.0,0.009478672985781991,0.2636255924170616,0.4910014173401872
iam_533_m02-102,0.0397196261682243,0.03271028037383177,1.0,0.02102803738317757,0.2733644859813084,0.48448502581537256
iam_535_m02-112,0.04964539007092199,0.02491103202846975,0.03914590747330961,0.0,0.028425582393175337,0.021490861673135735
iam_539_m03-033,0.09538461538461539,0.47058823529411764,0.05572755417956656,0.006153846153846154,0.15696356275303644,0.21224569256572984
iam_541_m03-095,0.0297029702970297,0.0,0.0033003300330033004,0.0033003300330033004,0.009075907590759075,0.01383910409835987
iam_542_m03-110,0.16348195329087048,0.15711252653927812,1.0,0.0,0.33014861995753714,0.4529231906949523
iam_544_m04-000,0.041935483870967745,0.0032258064516129032,0.01935483870967742,0.00967741935483871,0.018548387096774192,0.01694188307160079
iam_544_m04-007,0.06582278481012659,0.020253164556962026,1.0,0.012658227848101266,0.2746835443037975,0.48411391991341635
iam_544_m04-012,0.082010582010582,0.023809523809523808,0.04497354497354497,0.015873015873015872,0.041666666666666664,0.029567757899998215
iam_545_m04-030,0.09192200557103064,0.3955431754874652,0.7910863509749304,0.03064066852367688,0.32729805013927576,0.3479293364796121
iam_545_m04-043,0.13432835820895522,0.08358208955223881,1.2507462686567163,0.09850746268656717,0.39179104477611937,0.5730326143160391
iam_546_m04-093,0.05013192612137203,0.0079155672823219,1.0,0.0,0.26451187335092347,0.49081895564032557
iam_547_m04-123,0.02386634844868735,0.009569377990430622,0.019138755980861243,0.002386634844868735,0.013740279316211986,0.009626049501664756
iam_548_m04-180,0.05249343832020997,0.0026246719160104987,0.031496062992125984,0.023622047244094488,0.027559055118110236,0.02061105684932589
iam_548_m04-251,0.07368421052631578,0.1368421052631579,0.05263157894736842,0.031578947368421054,0.07368421052631578,0.045478882094090255
iam_549_m04-190,0.05439330543933055,0.0,0.0041928721174004195,0.006276150627615063,0.01621558204608651,0.025585292100060407
iam_549_m04-216,0.042105263157894736,0.0035087719298245615,0.0,0.0035087719298245615,0.012280701754385963,0.019951721765183603
iam_550_m04-246,0.09011627906976744,0.014534883720930232,1.0,0.0029069767441860465,0.2768895348837209,0.48362154590804407
iam_550_n04-000,0.09655172413793103,0.6551724137931034,1.0,0.010344827586206896,0.4405172413793103,0.4699143123583017
iam_551_n06-163,0.041379310344827586,0.011494252873563218,0.027586206896551724,0.01839080459770115,0.02471264367816092,0.012919322069032464
iam_551_n06-169,0.048295454545454544,0.02556818181818182,0.02556818181818182,0.008522727272727272,0.026988636363636367,0.016319780245846672
iam_551_n06-201,0.05246913580246913,0.0030864197530864196,0.009259259259259259,0.0,0.016203703703703703,0.02448148978249134
iam_552_m06-042,0.044444444444444446,0.007407407407407408,0.04814814814814815,0.0,0.025,0.024822184275164322
iam_552_m06-056,0.053003533568904596,0.0,0.024734982332155476,0.0,0.019434628975265017,0.025234729429480036
iam_552_m06-098,0.039473684210526314,0.003289473684210526,0.023026315789473683,0.0,0.01644736842105263,0.018413218885687133
iam_553_n01-000,0.02702702702702703,0.005405405405405406,0.002702702702702703,0.0,0.008783783783783784,0.012360741201812832
iam_555_n01-031,0.03551912568306011,0.0,0.00546448087431694,0.0,0.010245901639344262,0.017044596787079144
iam_555_n01-045,0.06716417910447761,0.012437810945273632,1.0,0.0,0.26990049751243783,0.48760660778474657
iam_559_n02-000,0.03188405797101449,0.005797101449275362,1.0,0.011594202898550725,0.26231884057971017,0.4919146025434467
iam_560_n02-009,0.05,0.0,0.015625,0.0125,0.01953125,0.021404919362535958
iam_561_n02-028,0.0744466800804829,0.01616161616161616,1.0,0.006036217303822937,0.2741611283864805,0.484830776202277
iam_561_n02-049,0.05460750853242321,0.027303754266211604,0.051194539249146756,0.006825938566552901,0.03498293515358361,0.02235863937091416
iam_562_n02-037,0.056856187290969896,0.033444816053511704,1.0,0.0,0.2725752508361204,0.48551076619735334
iam_565_n02-062,0.05688622754491018,0.005988023952095809,0.011976047904191617,0.0029940119760479044,0.019461077844311375,0.02522799333286335
iam_567_n02-098,0.052083333333333336,0.017361111111111112,1.0,0.0,0.2673611111111111,0.48890565785635026
iam_567_p03-112,0.06544502617801047,0.007832898172323759,0.010443864229765013,0.007853403141361256,0.022893797930365122,0.028393966797328703
iam_568_n02-151,0.2035225048923679,0.19765166340508805,0.20939334637964774,0.19765166340508805,0.20205479452054792,0.0056209027852622585
iam_571_n03-038,0.02112676056338028,0.0,0.04225352112676056,0.0,0.01584507042253521,0.020227333262457847
iam_574_n03-079,0.07954545454545454,0.015151515151515152,0.03409090909090909,0.030303030303030304,0.03977272727272727,0.027749066888681707
iam_577_n03-103,0.42832167832167833,0.4143356643356643,1.0,0.40734265734265734,0.5625,0.2917970432519569
iam_578_n03-106,0.18072289156626506,0.10602409638554217,1.0,0.0,0.3216867469879518,0.4582475385639224
iam_582_n04-022,0.04076086956521739,0.0027100271002710027,0.02710027100271003,0.005434782608695652,0.01900148756922352,0.018152393466129582
iam_582_n04-039,0.07364341085271318,0.0888030888030888,0.04247104247104247,0.03488372093023256,0.059950315764269256,0.025520204652809676
iam_583_n04-060,0.04501607717041801,0.00964630225080386,0.04180064308681672,0.012861736334405145,0.027331189710610933,0.01865690802307525
iam_584_n04-100,0.02735562310030395,0.02127659574468085,0.2917933130699088,0.0,0.0851063829787234,0.1382895217760161
iam_584_n04-107,0.025236593059936908,0.012618296529968454,0.00946372239747634,0.0,0.011829652996845425,0.010422832598106734
iam_585_n04-130,0.09473684210526316,0.007067137809187279,0.0176678445229682,0.0,0.02986795610935466,0.043851215149936416
iam_585_n04-149,0.07861635220125786,0.018867924528301886,0.031446540880503145,0.0,0.03223270440251572,0.03351430247117016
iam_585_n04-163,0.07165109034267912,0.012422360248447204,0.015527950310559006,0.0,0.024900350225421333,0.031881035412345035
iam_586_n04-171,0.07432432432432433,0.003367003367003367,0.026936026936026935,0.0,0.026156838656838658,0.03427472640765872
iam_586_n04-195,0.04225352112676056,0.0,0.0035211267605633804,0.0,0.011443661971830986,0.020606866039999342
iam_588_n06-074,0.14084507042253522,0.0035211267605633804,0.035211267605633804,0.0,0.0448943661971831,0.0658977720852567
iam_588_n06-111,0.08645533141210375,0.04899135446685879,0.4092219020172911,0.0,0.1361671469740634,0.18544655525918938
iam_588_n06-119,0.046153846153846156,0.038461538461538464,0.12692307692307692,0.03461538461538462,0.06153846153846154,0.04385290096535145
iam_592_p01-174,0.11604095563139932,0.07167235494880546,1.0,0.0,0.29692832764505117,0.4711463689114769
iam_595_p02-017,0.05844155844155844,0.006493506493506494,1.0,0.016233766233766232,0.27029220779220775,0.48699404725076734
iam_596_p02-022,0.04878048780487805,0.032520325203252036,0.11653116531165311,0.01084010840108401,0.0521680216802168,0.04563667398316082
iam_597_p02-027,0.06853582554517133,0.006211180124223602,0.024844720496894408,0.012461059190031152,0.028013196339080122,0.028102903751940928
iam_599_p02-081,0.32212389380530976,0.2867256637168142,0.6106194690265486,0.2849557522123894,0.3761061946902655,0.1572766640136285
iam_603_p02-115,0.025210084033613446,0.002793296089385475,0.0111731843575419,0.0,0.009794141120135205,0.011320925868908333
iam_609_p02-144,0.04600484261501211,0.026634382566585957,0.04116222760290557,0.002421307506053269,0.029055690072639227,0.019571195565750023
iam_620_p03-047,0.07671957671957672,0.007936507936507936,1.0,0.0,0.27116402116402116,0.48711024628752864
iam_623_p03-080,0.09398496240601503,0.018796992481203006,0.6917293233082706,0.0,0.20112781954887216,0.3295786995662704
iam_624_p03-121,0.0513595166163142,0.00906344410876133,0.07250755287009064,0.021148036253776436,0.03851963746223565,0.028806716496249354
iam_625_p03-135,0.045584045584045586,0.008547008547008548,0.4358974358974359,0.019943019943019943,0.1274928774928775,0.2061856121618435
iam_634_p06-047,0.14029850746268657,0.4417910447761194,0.9432835820895522,0.05373134328358209,0.39477611940298507,0.40172180843956684
iam_634_p06-069,0.06340057636887608,0.0,0.005763688760806916,0.0,0.01729106628242075,0.030859516626722403
iam_634_p06-104,0.08797653958944282,0.002932551319648094,0.03225806451612903,0.0,0.030791788856304986,0.0408106075173961
iam_635_r06-003,0.0367816091954023,0.009195402298850575,1.0,0.0,0.2614942528735632,0.49258517539434366
iam_635_r06-007,0.05454545454545454,0.05526315789473684,1.0,0.025974025974025976,0.28394565960355433,0.4775644189798126
iam_635_r06-022,0.05793450881612091,0.0327455919395466,0.06297229219143577,0.0,0.03841309823677582,0.02882086178729622
iam_635_r06-143,0.05652173913043478,0.06060606060606061,0.06493506493506493,0.013043478260869565,0.048776585733107475,0.024068480748761834
iam_636_r02-000,0.016713091922005572,0.0,0.011142061281337047,0.0,0.006963788300835655,0.008356545961002786
iam_639_r02-010,0.03225806451612903,0.014749262536873156,1.0,0.0,0.26175183176325056,0.49234203481795064
iam_643_r02-060,0.03125,0.0,0.04375,0.0,0.01875,0.02224391302506523
iam_644_r02-065,0.046875,0.010416666666666666,1.0,0.0,0.2643229166666667,0.490862966440652
iam_645_r02-070,0.03684210526315789,0.002631578947368421,0.02631578947368421,0.015789473684210527,0.020394736842105264,0.014632304664572172
iam_649_r02-089,0.06678700361010831,0.3285198555956679,1.0,0.02527075812274368,0.35514440433212996,0.45037547996985056
iam_650_r02-109,0.07231920199501247,0.017456359102244388,1.0,0.0,0.2724438902743142,0.4860151225559042
iam_651_r02-117,0.08132530120481928,0.0030120481927710845,0.04216867469879518,0.0,0.03162650602409638,0.0382976528569491
iam_652_r02-127,0.0136986301369863,0.003424657534246575,0.003424657534246575,0.0,0.005136986301369863,0.00593168084783862
iam_654_r02-137,0.08761329305135952,0.08157099697885196,1.0,0.027190332326283987,0.2990936555891239,0.46806024241358046
iam_655_r02-146,0.5655339805825242,0.5315533980582524,0.5728155339805825,0.5436893203883495,0.5533980582524272,0.019111669597116035
iam_658_r03-007,0.019886363636363636,0.0,0.0,0.0,0.004971590909090909,0.009943181818181818
iam_661_r03-035,0.06646525679758308,0.021148036253776436,0.1933534743202417,0.0,0.0702416918429003,0.0866311236189708
iam_666_r03-090,0.07547169811320754,0.012578616352201259,0.0220125786163522,0.009433962264150943,0.029874213836477984,0.030864637032149804
iam_667_r03-096,0.04057971014492753,0.008695652173913044,0.008695652173913044,0.0,0.014492753623188404,0.017867866675272393
iam_668_r03-110,0.03870967741935484,0.0,0.04086021505376344,0.0,0.01989247311827957,0.022986621856378443
iam_670_r06-035,0.03636363636363636,0.0036363636363636364,0.007272727272727273,0.0036363636363636364,0.012727272727272728,0.015850541612875177
iam_670_r06-044,0.21492007104795738,0.20071047957371227,1.0,0.1882770870337478,0.4009769094138544,0.3994970452621381
iam_670_r06-053,0.023622047244094488,0.0,0.0,0.0,0.005905511811023622,0.011811023622047244
iam_670_r06-062,0.029585798816568046,0.014792899408284023,0.01775147928994083,0.005917159763313609,0.017011834319526627,0.009775260158579392
iam_670_r06-066,0.07650273224043716,0.01366120218579235,1.0,0.00546448087431694,0.2739071038251366,0.4851009348349208
iam_670_r06-070,0.04297994269340974,0.011461318051575931,0.04871060171919771,0.0,0.025787965616045842,0.0237436540490087
iam_670_r06-076,0.04985337243401759,0.035398230088495575,1.0,0.07917888563049853,0.2911076220382529,0.47294576818456513
iam_671_r06-090,0.15990990990990991,0.13963963963963963,0.14189189189189189,0.10810810810810811,0.13738738738738737,0.021524431211458635
iam_671_r06-103,0.04391891891891892,0.02054794520547945,0.0273972602739726,0.013513513513513514,0.02634440947797112,0.013015410944999152
iam_671_r06-106,0.017804154302670624,0.0,0.0,0.0,0.004451038575667656,0.008902077151335312
iam_671_r06-115,0.11337868480725624,0.09297052154195011,0.08843537414965986,0.08390022675736962,0.09467120181405896,0.013009761510248305
iam_671_r06-130,0.05511811023622047,0.007874015748031496,0.0026246719160104987,0.0,0.016404199475065617,0.02601604672125854
