sample_id,azure_intelligence,donut,gpt-5-mini,gpt-5-nano,mistral_document_ai,mean_cer,std_cer
icdar_tr_img_00008,0.36666666666666664,2.1666666666666665,0.36065573770491804,0.42105263157894735,1.0,0.8630083405234398,0.7765838315215584
icdar_tr_img_00019,0.5379310344827586,0.7924528301886793,0.5472972972972973,0.6311475409836066,0.659217877094972,0.6336093160094628,0.10307426796250317
icdar_tr_img_00043,2.1,2.0,0.9646464646464646,2.1818181818181817,0.967391304347826,1.6427711901624942,0.6211347277072049
icdar_tr_img_00065,0.9375,3.5714285714285716,0.9014084507042254,0.9956896551724138,2.05,1.6912053354610421,1.155375041033776
icdar_tr_img_00101,0.7692307692307693,1.3571428571428572,0.8695652173913043,0.7777777777777778,1.0714285714285714,0.9690290385942559,0.24875060070575322
icdar_tr_img_00104,0.5897435897435898,5.0,0.8917525773195877,0.9856459330143541,0.9791666666666666,1.6892617533488394,1.8577714519379565
icdar_tr_img_00138,0.625,1.0,0.8031088082901554,0.8189655172413793,0.7058823529411765,0.7905913356945423,0.14089878654644553
icdar_tr_img_00144,1.0615384615384615,7.285714285714286,1.0727272727272728,34.0,0.9825,8.880496003996004,14.300423946732266
icdar_tr_img_00149,0.43478260869565216,0.8846153846153846,0.44680851063829785,15.0,0.9807692307692307,3.549395146943713,6.405897612337146
icdar_tr_img_00168,0.4117647058823529,2.4285714285714284,0.6976744186046512,0.4411764705882353,0.47058823529411764,0.889955051788157,0.8675034503448393
icdar_tr_img_00170,0.74,0.8571428571428571,0.932806324110672,0.76,0.7887323943661971,0.8157363151239452,0.0790437010687066
icdar_tr_img_00194,0.40444444444444444,1.0,0.7655310621242485,69.33333333333333,0.8461538461538461,14.469892537211171,30.670375569782284
icdar_tr_img_00198,1.0714285714285714,0.9354838709677419,0.946236559139785,0.7647058823529411,0.9485981308411215,0.9332906029460322,0.10944134841386292
icdar_tr_img_00214,0.6382978723404256,1.1025641025641026,0.6382978723404256,0.631578947368421,0.7682926829268293,0.7558062955080409,0.20214214038739056
icdar_tr_img_00218,0.59375,1.1818181818181819,0.8186528497409327,0.6486486486486487,1.0384615384615385,0.8562662437338604,0.2513035023791616
icdar_tr_img_00222,0.4690721649484536,0.9974375400384369,0.4288135593220339,192.33333333333334,0.49665551839464883,38.94506242320738,85.74696369768485
icdar_tr_img_00237,1.0,1.0,0.8823529411764706,1.2,1.0,1.016470588235294,0.11454740183188784
icdar_tr_img_00248,0.5882352941176471,0.975,0.6363636363636364,21.666666666666668,0.8770226537216829,4.948657650173926,9.347047059437976
icdar_tr_img_00259,0.7037037037037037,1.4444444444444444,0.9072164948453608,0.9117647058823529,0.8860759493670886,0.97064105964859,0.2785612848966381
icdar_tr_img_00260,0.6511627906976745,3.142857142857143,0.8793969849246231,0.7073170731707317,1.0,1.2761467983300343,1.052668899161874
icdar_tr_img_00269,0.8,1.6428571428571428,0.8,7.666666666666667,0.9375,2.369404761904762,2.981831190348043
icdar_tr_img_00277,0.625,2.15,0.8338870431893688,0.6190476190476191,0.8,1.0055869324473976,0.6472416785681372
icdar_tr_img_00278,0.6296296296296297,1.0925925925925926,0.7798165137614679,0.8809523809523809,2.111111111111111,1.0988204456094366,0.5903687833775373
icdar_tr_img_00285,0.48148148148148145,0.7636363636363637,0.8108108108108109,0.96875,0.746268656716418,0.7541894625290148,0.1759004173910349
icdar_tr_img_00293,0.546875,1.8,0.5396825396825397,25.333333333333332,0.8111111111111111,5.806200396825396,10.92824543649542
icdar_tr_img_00298,0.6732673267326733,6.071428571428571,0.7211538461538461,28.333333333333332,0.9373737373737374,7.347311363004432,11.953839578119375
icdar_tr_img_00310,0.5370370370370371,3.857142857142857,0.8997050147492626,18.0,1.0,4.858776981785832,7.465535146917859
icdar_tr_img_00334,0.7313432835820896,2.4285714285714284,0.7796610169491526,24.333333333333332,1.3958333333333333,5.933748479153867,10.308410403885214
icdar_tr_img_00383,0.5789473684210527,5.214285714285714,0.9215686274509803,0.7962962962962963,1.3461538461538463,1.771450370521578,1.9448187700665351
icdar_tr_img_00384,0.25,1.6428571428571428,0.9195979899497487,7.666666666666667,0.9705882352941176,2.2899420069535354,3.045808077471952
icdar_tr_img_00395,0.37037037037037035,1.263157894736842,0.8387096774193549,9.333333333333334,0.8227848101265823,2.5256712171972966,3.8186773387284556
icdar_tr_img_00409,0.2826086956521739,0.9411764705882353,0.2826086956521739,0.30434782608695654,0.6,0.48214833759590786,0.2897589517671291
icdar_tr_img_00456,0.7911392405063291,3.1739130434782608,0.7902813299232737,52.0,0.8013245033112583,11.511331623443825,22.657297456454142
icdar_tr_img_00459,2.0,10.071428571428571,3.2972972972972974,47.0,1.4408602150537635,12.761917216755926,19.448966976801234
icdar_tr_img_00512,0.6666666666666666,1.0,0.9426229508196722,0.8857142857142857,1.0,0.8990007806401248,0.1382572329184155
icdar_tr_img_00543,0.6428571428571429,0.9838709677419355,0.6528925619834711,1.0602409638554218,0.6428571428571429,0.7965437558590227,0.2076671118345249
icdar_tr_img_00557,0.48214285714285715,0.9782608695652174,0.514018691588785,36.0,0.5754716981132075,7.709978823282013,15.815862066901085
icdar_tr_img_00573,2.413793103448276,1.6274509803921569,0.8628571428571429,1.5185185185185186,1.1904761904761905,1.522619187138457,0.5811201241518285
icdar_tr_img_00591,0.6666666666666666,1.0,0.5,0.55,1.1538461538461537,0.7741025641025641,0.28815425228477226
icdar_tr_img_00593,0.2,0.859375,0.23333333333333334,0.676056338028169,0.9887133182844243,0.5914955979291854,0.359944725326847
icdar_tr_img_00620,0.5285714285714286,0.9962987442167879,0.515625,0.5396825396825397,0.6833333333333333,0.6527022091608179,0.20369640541782363
icdar_tr_img_00638,0.7363636363636363,7.857142857142857,0.8777777777777778,36.666666666666664,0.8314606741573034,9.393882322421648,15.547974666891946
icdar_tr_img_00661,1.0909090909090908,7.428571428571429,0.9642301710730948,34.666666666666664,1.8363636363636364,9.197348198716783,14.48704106846327
icdar_tr_img_00682,1.05,0.8846153846153846,0.46153846153846156,0.9642857142857143,0.8767123287671232,0.8474303778413368,0.22684926158340457
icdar_tr_img_00690,0.39473684210526316,0.8472222222222222,0.8368200836820083,1.0625,0.7559055118110236,0.7794369319641035,0.24318730385968582
icdar_tr_img_00695,0.8172043010752689,3.7857142857142856,0.9015544041450777,17.666666666666668,2.12,5.0582279315202605,7.149989824143861
icdar_tr_img_00707,0.2743362831858407,0.7541766109785203,0.30434782608695654,76.33333333333333,0.36936936936936937,15.607112684590803,33.94753691402843
icdar_tr_img_00708,0.4,0.9,0.37037037037037035,0.7878787878787878,0.9996652639632747,0.6915828844424865,0.28975136123211237
icdar_tr_img_00715,0.17647058823529413,5.0,0.5396825396825397,23.333333333333332,2.5555555555555554,6.321008403361344,9.70208703807204
icdar_tr_img_00721,0.7868852459016393,3.611111111111111,0.9292035398230089,0.90625,1.2115384615384615,1.4889976716748443,1.1964818469630938
icdar_tr_img_00742,0.4444444444444444,1.9285714285714286,0.4074074074074074,0.4074074074074074,1.0384615384615385,0.8452584452584453,0.6623770416048377
icdar_tr_img_00752,0.07142857142857142,1.0,0.8522727272727273,0.8142857142857143,0.35,0.6175974025974026,0.3904802518962144
icdar_tr_img_00783,0.7028571428571428,0.9886425094645754,0.9103840682788051,41.0,0.9428571428571428,8.908948172691534,17.939777125147618
icdar_tr_img_00846,0.7833333333333333,0.8717948717948718,0.8867924528301887,21.0,1.2093023255813953,4.950244596707957,8.97354225685808
icdar_tr_img_00878,0.6598639455782312,3.148936170212766,0.9229607250755287,54.0,0.996306631648063,11.945613494502918,23.530338363667845
icdar_tr_img_00902,0.927710843373494,0.8544303797468354,0.9342806394316163,0.8795180722891566,0.86,0.8911879869682204,0.037586217103877925
icdar_tr_img_00910,0.8526315789473684,2.810810810810811,0.7792207792207793,36.0,0.8958333333333334,8.267699300462459,15.526292875257864
icdar_tr_img_00916,5.6,2.357142857142857,5.6,5.6,1.0,4.031428571428572,2.200797629061253
icdar_tr_img_00951,0.3373493975903614,0.9859154929577465,0.3956043956043956,0.4329896907216495,0.7019230769230769,0.5707564107594459,0.2709697811581475
icdar_tr_img_00986,0.0,0.78125,0.0,0.5945945945945946,0.8222222222222222,0.4396133633633633,0.4103791329060595
icdar_tr_img_01057,0.6854838709677419,3.864406779661017,0.7258064516129032,80.0,5.341463414634147,18.123432103375162,34.648836915121976
icdar_tr_img_01110,0.06666666666666667,0.85,0.06666666666666667,0.6274509803921569,0.726027397260274,0.4673623421971529,0.37418632014561026
icdar_tr_img_01117,0.8181818181818182,0.8333333333333334,0.9090909090909091,0.9014084507042254,0.8222222222222222,0.8568473467065016,0.04461477604636135
icdar_tr_img_01175,0.8,1.0,0.9902597402597403,0.9959016393442623,0.6666666666666666,0.8905656092541339,0.15111531270968934
icdar_tr_img_01178,0.5769230769230769,0.7464788732394366,0.5466666666666666,0.5540540540540541,0.6634615384615384,0.6175168418689545,0.0857864313223556
icdar_tr_img_01299,0.5434782608695652,0.7301587301587301,0.8861386138613861,0.8011695906432749,1.68,0.9281890391065912,0.43884515652574474
icdar_tr_img_01308,0.45454545454545453,0.8260869565217391,0.3076923076923077,0.5,0.5555555555555556,0.5287760548630114,0.18995208640765912
icdar_tr_img_01309,0.717391304347826,0.86,0.921875,1.5238095238095237,1.7407407407407407,1.152763313779618,0.45054447686251636
icdar_tr_img_01496,1.5454545454545454,1.9285714285714286,0.6486486486486487,0.5652173913043478,0.9428571428571428,1.1261498313672227,0.5907507203527942
icdar_tr_img_01517,0.6153846153846154,0.8333333333333334,0.6666666666666666,0.673469387755102,0.74,0.7057708006279435,0.0839434555059984
icdar_tr_img_01542,0.058823529411764705,1.2142857142857142,0.11764705882352941,0.058823529411764705,1.0,0.48991596638655466,0.5690260914472088
icdar_tr_img_01543,0.06818181818181818,0.7857142857142857,0.11363636363636363,0.13953488372093023,0.8548387096774194,0.39238121218616345,0.392209461640441
icdar_tr_img_01712,0.17142857142857143,0.7920792079207921,0.19444444444444445,0.27906976744186046,0.5714285714285714,0.401690112532848,0.27028766319861447
icdar_tr_img_01719,0.5591397849462365,0.9157894736842105,0.5578947368421052,0.5494505494505495,0.55,0.6264549089846202,0.16180338219078938
icdar_tr_img_01728,0.6176470588235294,0.82,0.6176470588235294,0.6052631578947368,0.6410256410256411,0.6603165833134873,0.09019865618423534
icdar_tr_img_01797,0.5687732342007435,2.4507042253521125,0.6394984326018809,0.9696969696969697,0.7027027027027027,1.0662751129108818,0.7886384876421093
icdar_tr_img_01803,0.5689655172413793,0.7352941176470589,0.5666666666666667,0.5517241379310345,0.6781609195402298,0.6201622718052738,0.08183191718582336
icdar_tr_img_01870,0.6223776223776224,0.9328859060402684,0.7462121212121212,52.0,0.7747252747252747,11.015240184871057,22.91144408449452
icdar_tr_img_02018,0.6590909090909091,0.8041237113402062,0.5909090909090909,0.5909090909090909,0.5660377358490566,0.6422141076196707,0.09691077765181873
icdar_tr_img_02085,0.3333333333333333,1.0,0.75,0.75,0.967741935483871,0.7602150537634408,0.26598915624627606
icdar_tr_img_02128,0.5897435897435898,0.8023255813953488,0.6097560975609756,0.6341463414634146,0.6666666666666666,0.6605276553659991,0.08430368917963754
icdar_tr_img_02164,0.6666666666666666,1.0,0.875,0.875,1.0,0.8833333333333332,0.13629522694830107
icdar_tr_img_02324,1.0,0.9285714285714286,0.6666666666666666,0.8,0.8,0.839047619047619,0.1291170082291987
icdar_tr_img_02452,0.42857142857142855,0.6304347826086957,0.42857142857142855,0.42857142857142855,0.42857142857142855,0.46894409937888193,0.0902760363586872
icdar_tr_img_02478,0.14285714285714285,0.7,0.14285714285714285,0.14285714285714285,0.3333333333333333,0.2923809523809523,0.24233370294444484
icdar_tr_img_02495,0.6,0.8235294117647058,0.6,0.6,0.7380952380952381,0.6723249299719888,0.1035388999738631
icdar_tr_img_02572,0.2727272727272727,0.8888888888888888,0.24242424242424243,0.28125,0.6470588235294118,0.46646984551396314,0.28856941761580984
icdar_tr_img_02626,1.2727272727272727,1.0,0.8982035928143712,2.142857142857143,1.9375,1.4502576016797573,0.5603819754044368
icdar_tr_img_02899,0.23684210526315788,1.7,0.24324324324324326,0.325,1.0,0.7010170697012803,0.6429933510826781
icdar_tr_img_02932,0.7857142857142857,0.9310344827586207,0.7857142857142857,0.7857142857142857,0.7333333333333333,0.8043021346469622,0.07438780679926639
icdar_tr_img_02969,0.5588235294117647,0.9393939393939394,0.847457627118644,1.7058823529411764,1.2903225806451613,1.0683760059021372,0.4418030257981899
icdar_tr_img_03006,0.15384615384615385,1.2258064516129032,0.8695652173913043,0.9649122807017544,0.9766536964980544,0.8381567600100339,0.4045949034978208
icdar_tr_img_03017,0.5681818181818182,1.0,0.5555555555555556,14.666666666666666,0.4772727272727273,3.4535353535353535,6.27167921553984
icdar_tr_img_03039,0.0,1.0,0.0,0.0,0.5576923076923077,0.31153846153846154,0.45435108808343744
icdar_tr_img_03052,0.631578947368421,1.0,0.5454545454545454,0.5714285714285714,7.0,1.9496924128503075,2.829153615329621
icdar_tr_img_03120,0.07692307692307693,1.0,0.07692307692307693,0.36363636363636365,12.0,2.7034965034965035,5.2105565682179344
icdar_tr_img_03121,0.027777777777777776,0.9881967213114754,0.0,0.20454545454545456,0.3333333333333333,0.3107706573936082,0.4022941434917559
icdar_tr_img_03127,0.64,0.8222222222222222,0.6153846153846154,0.6896551724137931,0.8297872340425532,0.7194098488126368,0.10095304024905026
icdar_tr_img_03135,0.05555555555555555,2.5714285714285716,0.15384615384615385,0.08333333333333333,0.7678571428571429,0.7264041514041514,1.0720580717900474
icdar_tr_img_03137,0.0,1.0,0.0,0.0,0.967741935483871,0.3935483870967742,0.5390089954633658
icdar_tr_img_03155,0.1031390134529148,0.6838487972508591,0.1652542372881356,71.66666666666667,0.15450643776824036,14.554683030485364,31.927443479542287
icdar_tr_img_03160,0.453125,2.4347826086956523,0.44166666666666665,40.666666666666664,0.9690576652601969,8.993059721457836,17.724769341443608
icdar_tr_img_03166,0.34615384615384615,0.6862745098039216,0.34615384615384615,0.36666666666666664,0.6964285714285714,0.48833548804137034,0.18555129234546053
icdar_tr_img_03181,0.45454545454545453,1.0714285714285714,0.06666666666666667,0.3684210526315789,15.0,3.3922123490544545,6.499215840487996
icdar_tr_img_03237,0.06289308176100629,0.9870967741935484,0.09433962264150944,0.0949367088607595,0.09202453987730061,0.2662581454668248,0.40318421355771894
icdar_tr_img_03241,0.3220338983050847,1.0196078431372548,0.30158730158730157,0.36231884057971014,0.4461538461538462,0.49034034595263953,0.301006980091579
icdar_tr_img_03286,0.175,2.1666666666666665,0.07317073170731707,0.2,1.1818181818181819,0.7593311160384332,0.9061179416028302
icdar_tr_img_03291,0.0125,1.0,0.2345679012345679,0.569620253164557,0.32222222222222224,0.42778207532426943,0.3769897955366221
icdar_tr_img_03306,0.25,1.0,0.7142857142857143,0.6,1.0,0.7128571428571429,0.313000619416483
icdar_tr_img_03314,0.3333333333333333,1.0,0.0,0.0,0.9655172413793104,0.45977011494252873,0.4965863121201827
icdar_tr_img_03316,0.39285714285714285,0.8518518518518519,0.3670886075949367,0.5176470588235295,1.0714285714285714,0.6401746465112064,0.3088454828173287
icdar_tr_img_03320,0.26582278481012656,4.928571428571429,0.28,0.8804347826086957,0.5512820512820513,1.3812222094544604,1.9987547014639193
icdar_tr_img_03342,0.3125,1.0714285714285714,0.16666666666666666,0.2857142857142857,0.9629629629629629,0.5598544973544973,0.42282923311621795
icdar_tr_img_03369,0.0,0.9375,0.0,0.1875,0.6842105263157895,0.36184210526315785,0.4264850520871038
icdar_tr_img_03371,0.4519230769230769,1.2763157894736843,0.4537037037037037,0.580952380952381,0.583941605839416,0.6693673113784524,0.3454323352425116
icdar_tr_img_03444,0.5766423357664233,2.577777777777778,0.5652173913043478,0.581081081081081,0.5878378378378378,0.9777112847534936,0.8945022525332978
icdar_tr_img_03445,0.5416666666666666,0.8,0.5833333333333334,0.5714285714285714,0.5833333333333334,0.615952380952381,0.10428598608357713
icdar_tr_img_03463,0.2411764705882353,0.9536082474226805,0.37735849056603776,0.2573099415204678,0.3181818181818182,0.4295269936558479,0.29787375427848317
icdar_tr_img_03464,0.46511627906976744,0.9619047619047619,0.9241803278688525,17.666666666666668,0.7528089887640449,4.154135404854818,7.55627770264209
icdar_tr_img_03487,0.43243243243243246,1.7894736842105263,0.9305555555555556,0.9208333333333333,1.3157894736842106,1.0778168958432117,0.5064427852895134
icdar_tr_img_03524,0.0,1.0,0.2,0.42857142857142855,0.9956140350877193,0.5248370927318295,0.45761635315933863
icdar_tr_img_03527,0.48,0.7692307692307693,0.46938775510204084,0.5333333333333333,0.46153846153846156,0.542698063840921,0.1297084176252712
icdar_tr_img_03529,0.6470588235294118,1.0714285714285714,0.7857142857142857,1.25,1.0,0.9508403361344537,0.23769966315438937
icdar_tr_img_03573,0.0,0.7333333333333333,0.15384615384615385,0.23529411764705882,0.6666666666666666,0.3578280542986425,0.3244416745961526
icdar_tr_img_03591,0.17266187050359713,0.993581514762516,0.3237410071942446,45.666666666666664,0.3945578231292517,9.510241776451256,20.21446543737421
icdar_tr_img_03638,0.5384615384615384,1.2857142857142858,0.7272727272727273,0.7272727272727273,0.9354838709677419,0.8428410299378042,0.2846394019936817
icdar_tr_img_03642,0.5789473684210527,1.3571428571428572,0.6190476190476191,0.7115384615384616,0.8043478260869565,0.8142048264473895,0.315773516650891
icdar_tr_img_03645,0.09523809523809523,0.9811320754716981,0.0,0.25806451612903225,0.6122448979591837,0.38933591695960185,0.40472807929895205
icdar_tr_img_03655,0.3333333333333333,1.326086956521739,0.35064935064935066,0.3875,0.6691176470588235,0.6133374575126493,0.4211689643552047
icdar_tr_img_03656,0.4,0.8888888888888888,0.11764705882352941,0.17647058823529413,0.9714285714285714,0.5108870214752568,0.3980426740880049
icdar_tr_img_03664,0.3684210526315789,1.2666666666666666,0.5932203389830508,0.5098039215686274,0.9996371552975326,0.7475498270294912,0.37319889077030816
icdar_tr_img_03665,0.5882352941176471,0.9545454545454546,0.5,0.5882352941176471,0.6,0.6462032085561498,0.1769926647798039
icdar_tr_img_03676,0.2459016393442623,0.9195402298850575,0.2698412698412698,0.2459016393442623,0.4791666666666667,0.43207028901630373,0.2896035216214955
icdar_tr_img_03693,0.1016949152542373,3.857142857142857,0.893305439330544,18.0,0.6428571428571429,4.699000070916957,7.577864878345828
icdar_tr_img_03701,0.08,0.47619047619047616,0.08,0.14814814814814814,0.08,0.17286772486772484,0.17211115006698505
icdar_tr_img_03718,2.6666666666666665,1.0,0.0,3.3333333333333335,0.875,1.575,1.377018720118051
icdar_tr_img_03721,0.3617021276595745,0.8578947368421053,0.4126984126984127,0.7,1.027906976744186,0.6720404507888557,0.2852773667220939
icdar_tr_img_03727,0.8545454545454545,1.0,0.9946236559139785,0.9974358974358974,1.0,0.9693210015790662,0.06419988273065741
icdar_tr_img_03735,0.625,0.8773584905660378,0.6190476190476191,0.7209302325581395,0.8607594936708861,0.7406191671685365,0.12416362983041031
icdar_tr_img_03748,0.3225806451612903,0.9056603773584906,0.38235294117647056,0.6363636363636364,0.7674418604651163,0.6028798921050008,0.24853451909821184
icdar_tr_img_03763,0.4117647058823529,3.857142857142857,0.47368421052631576,0.4827586206896552,0.6144578313253012,1.1679616451132964,1.5051096483951647
icdar_tr_img_03767,0.3188405797101449,4.785714285714286,0.37333333333333335,0.4153846153846154,2.4814814814814814,1.6749508591247722,1.9651393803466692
icdar_tr_img_03799,0.31654676258992803,0.7772020725388601,0.3380281690140845,0.4942528735632184,1.0975609756097562,0.6047181706631694,0.3312905167929525
icdar_tr_img_03849,0.38095238095238093,0.9148936170212766,0.391304347826087,0.4827586206896552,0.9793103448275862,0.6298438622633972,0.2931988756924639
icdar_tr_img_03858,0.576271186440678,0.8241758241758241,0.625,16.666666666666668,0.9007633587786259,3.9185754072123595,7.1276743325878416
icdar_tr_img_03863,0.0,1.0,0.0,0.5806451612903226,0.6976744186046512,0.4556639159789947,0.4432128089526071
icdar_tr_img_03874,0.26666666666666666,0.9285714285714286,0.2962962962962963,0.2962962962962963,0.4,0.4375661375661376,0.27911394436025583
icdar_tr_img_03877,0.7727272727272727,0.7857142857142857,0.7727272727272727,0.7727272727272727,0.8625,0.7932792207792208,0.03910208506160019
icdar_tr_img_03896,0.9130434782608695,0.9555555555555556,0.8695652173913043,0.8108108108108109,0.9619771863117871,0.9021904496660655,0.06315599894966407
icdar_tr_img_03917,0.4634146341463415,1.0,0.967741935483871,0.9806451612903225,0.9716312056737588,0.8766865873188587,0.23136164716320545
icdar_tr_img_03918,0.5106382978723404,3.6153846153846154,0.46,31.333333333333332,0.6083333333333333,7.305537915984725,13.498488650596997
icdar_tr_img_03922,1.1666666666666667,1.2142857142857142,0.8166666666666667,0.6666666666666666,1.0,0.9728571428571428,0.23169737475722024
icdar_tr_img_03939,0.1111111111111111,1.0,0.1111111111111111,0.3333333333333333,0.8611111111111112,0.4833333333333334,0.42108765692527117
icdar_tr_img_03953,0.2978723404255319,0.9842995169082126,0.3961038961038961,43.666666666666664,0.6349809885931559,9.195984681739493,19.27151251891247
icdar_tr_img_03958,0.4,1.3571428571428572,0.047619047619047616,0.25925925925925924,0.6,0.5328042328042328,0.502970655066264
icdar_tr_img_03981,0.42105263157894735,0.9661016949152542,0.42857142857142855,3.6666666666666665,0.9811320754716981,1.292704899440799,1.3551702920332607
icdar_tr_img_03989,0.0,1.0,0.9646017699115044,0.0,0.8709677419354839,0.5671139023693976,0.5198438445113516
icdar_tr_img_04073,0.6666666666666666,0.6814159292035398,0.6666666666666666,0.6666666666666666,0.5858585858585859,0.653454903012425,0.038323403994782464
icdar_tr_img_04118,0.14285714285714285,0.7638888888888888,0.14285714285714285,0.14285714285714285,0.10344827586206896,0.25918171866447726,0.28265546770463024
icdar_tr_img_04155,0.603448275862069,0.9095238095238095,0.55,0.5714285714285714,0.7209302325581395,0.6710661778745177,0.1487492174410233
icdar_tr_img_04262,1.5,1.0,0.925531914893617,4.0,0.9393939393939394,1.6729851708575112,1.3223722423462152
icdar_tr_img_04276,0.525,0.8298850574712644,0.5093167701863354,0.5189873417721519,0.6188340807174888,0.6004046500294481,0.13565815723666216
icdar_tr_img_04418,0.8235294117647058,0.8791208791208791,0.8235294117647058,0.8235294117647058,1.2222222222222223,0.9143862673274438,0.17376099054418437
icdar_tr_img_04520,0.16666666666666666,1.0,0.0,0.0,1.0,0.4333333333333334,0.521749194749951
icdar_tr_img_04546,0.8864468864468864,1.2307692307692308,0.9365079365079365,0.9372937293729373,1.3,1.0582035566193981,0.19181618541857073
icdar_tr_img_04614,0.2785714285714286,1.5168539325842696,0.28859060402684567,49.666666666666664,4.114285714285714,11.172993669226985,21.57537902033222
icdar_tr_img_04645,0.7142857142857143,1.0,0.8666666666666667,9.333333333333334,7.375,3.857857142857143,4.163764601607105
icdar_tr_img_04690,0.05555555555555555,0.7972972972972973,0.058823529411764705,0.058823529411764705,0.058823529411764705,0.20586468821762938,0.3306239077839512
icdar_tr_img_04746,0.5052631578947369,0.7731481481481481,0.49019607843137253,0.6330275229357798,0.7655172413793103,0.6334304297578696,0.13593294113934543
icdar_tr_img_04826,0.558974358974359,0.7275280898876404,0.5606060606060606,0.5794871794871795,0.5862068965517241,0.6025605171013927,0.07084603669564309
icdar_tr_img_04861,0.5423728813559322,2.473684210526316,0.9452887537993921,15.666666666666666,0.9428571428571428,4.11417393104109,6.5001565578432
icdar_tr_img_04911,2.1176470588235294,1.3103448275862069,0.9414414414414415,1.1388888888888888,1.069767441860465,1.3156179317201064,0.46769706813572437
icdar_tr_img_04915,0.39655172413793105,1.3333333333333333,0.8585365853658536,18.0,0.509090909090909,4.219502510385605,7.712170292694416
icdar_tr_img_04917,0.1875,0.7636363636363637,0.07142857142857142,0.07142857142857142,0.2777777777777778,0.27435425685425685,0.286927704333916
icdar_tr_img_04927,0.28125,0.7641509433962265,0.25806451612903225,0.25806451612903225,0.38235294117647056,0.3887765833661523,0.21603265292552978
icdar_tr_img_05000,0.9615384615384616,0.8378378378378378,0.9460154241645244,1.1851851851851851,1.8235294117647058,1.150821264098143,0.3966891628022049
icdar_tr_img_05003,0.5050505050505051,3.75,0.8876404494382022,0.972318339100346,8.3,2.883001858717811,3.29326532281525
icdar_tr_img_05004,0.6285714285714286,0.9056603773584906,0.631578947368421,0.6666666666666666,0.8857142857142857,0.7436383411358585,0.13978470500988943
icdar_tr_img_05009,1.1271186440677967,3.5555555555555554,0.88,54.666666666666664,4.27027027027027,12.899922227312057,23.395119453737287
icdar_tr_img_05038,0.5555555555555556,1.2857142857142858,2.6,2.6,0.9354838709677419,1.5953507424475166,0.9527740177371568
icdar_tr_img_05044,0.18,0.8652173913043478,0.16326530612244897,16.333333333333332,0.2545454545454545,3.559272297061116,7.146819772414032
icdar_tr_img_05065,0.24,1.7058823529411764,0.2,0.2,0.4883720930232558,0.5668508891928865,0.6479857734599985
icdar_tr_img_05071,0.5483870967741935,0.9438202247191011,0.8413793103448276,2.388888888888889,0.8823529411764706,1.1209656923806963,0.724906991820411
icdar_tr_img_05100,0.8901098901098901,7.214285714285714,2.3333333333333335,2.3333333333333335,1.3026315789473684,2.814738770001928,2.5401860259840396
icdar_tr_img_05112,1.025974025974026,0.8705035971223022,0.8190045248868778,0.7880794701986755,0.91,0.8827123236363763,0.09277883138460333
icdar_tr_img_05136,2.7758620689655173,1.0,1.120253164556962,2.621212121212121,2.3815789473684212,1.9797812604206044,0.8522586828534296
icdar_tr_img_05146,4.0,7.285714285714286,19.4,19.4,1.1829268292682926,10.253728222996514,8.624184543785683
icdar_tr_img_05153,0.7894736842105263,1.0526315789473684,0.6904761904761905,0.935672514619883,0.925,0.8786507936507937,0.14056251044635945
icdar_tr_img_05175,0.5641025641025641,0.9056603773584906,0.5,0.64,0.7142857142857143,0.6648097311493538,0.15682522949328315
icdar_tr_img_05182,0.5263157894736842,0.84375,0.5,0.7291666666666666,0.5806451612903226,0.6359755234861346,0.14614279959138826
icdar_tr_img_05183,0.9948979591836735,4.490196078431373,1.9238095238095239,78.0,1.2456140350877194,17.33090351930246,33.94334690408197
icdar_tr_img_05200,0.8888888888888888,2.0714285714285716,0.8775510204081632,9.666666666666666,0.9818181818181818,2.897270665842094,3.8173472597992664
icdar_tr_img_05206,0.875,1.0,0.1875,0.23529411764705882,0.9787234042553191,0.6553035043804756,0.4083291134519338
icdar_tr_img_05216,1.5,1.4301075268817205,4.461538461538462,3.5294117647058822,2.1538461538461537,2.6149807813944435,1.3328269961065293
icdar_tr_img_05223,0.7142857142857143,1.2142857142857142,0.8888888888888888,1.0,1.75,1.1134920634920635,0.39937277606331534
icdar_tr_img_05246,0.8247422680412371,6.071428571428571,0.8947368421052632,28.666666666666668,0.9130434782608695,7.474123565300521,12.058625642536375
icdar_tr_img_05257,0.6551724137931034,0.9047619047619048,0.6,0.6571428571428571,0.65625,0.6946654351395731,0.1199431734296362
icdar_tr_img_05262,0.5,0.9906542056074766,0.5294117647058824,0.47058823529411764,0.9658119658119658,0.6912932342838884,0.262910124075789
icdar_tr_img_05273,0.2777777777777778,0.8627450980392157,0.047619047619047616,0.25925925925925924,0.7142857142857143,0.432337379396203,0.34154010333430573
icdar_tr_img_05282,0.6049382716049383,0.9991386735572783,1.0833333333333333,1.2857142857142858,1.0857142857142856,1.0117677699848242,0.25065222189062825
icdar_tr_img_05311,0.911504424778761,0.9975278121137207,1.0047846889952152,77.33333333333333,1.6782608695652175,16.38508222575725,34.07250321223185
icdar_tr_img_05352,0.3698630136986301,4.0,0.5942028985507246,24.333333333333332,0.9104477611940298,6.041569401355344,10.331107126217848
icdar_tr_img_05363,0.7407407407407407,0.9365079365079365,0.7407407407407407,0.7407407407407407,0.9375,0.8192460317460316,0.10749836913143944
icdar_tr_img_05370,1.0,1.0,1.0,0.0,1.0,0.8,0.4472135954999579
icdar_tr_img_05372,1.0526315789473684,2.142857142857143,0.9217877094972067,0.9655172413793104,0.8611111111111112,1.188780956758428,0.5378888431622104
icdar_tr_img_05382,0.625,1.0,0.875,3.6666666666666665,1.0,1.4333333333333331,1.2578227440921694
icdar_tr_img_05406,0.9142857142857143,5.642857142857143,1.1538461538461537,0.9736842105263158,7.090909090909091,3.1551164624848838,2.9775984142818936
icdar_tr_img_05413,0.8181818181818182,7.142857142857143,0.9232876712328767,33.333333333333336,0.9361702127659575,8.630766035674226,14.071950857471412
icdar_tr_img_05420,1.0,1.0,0.8987341772151899,1.2972972972972974,0.9881656804733728,1.0368394309971722,0.1516532084908225
icdar_tr_img_05433,0.9072164948453608,4.0,0.7463768115942029,0.9090909090909091,2.1176470588235294,1.7360662548708006,1.380341013448767
icdar_tr_img_05435,0.6666666666666666,3.5714285714285716,0.6470588235294118,16.333333333333332,1.0975609756097562,4.463209674113548,6.745358524641656
icdar_tr_img_05437,1.255813953488372,3.4285714285714284,0.910828025477707,24.333333333333332,1.65,6.315709348174168,10.11872603983113
icdar_tr_img_05438,0.5263157894736842,0.851063829787234,0.5405405405405406,0.5714285714285714,0.7857142857142857,0.6550126033888631,0.1517992314031996
icdar_tr_img_05445,0.75,1.7352941176470589,0.7666666666666667,0.7966101694915254,0.782608695652174,0.9662359298914849,0.430269747977842
icdar_tr_img_05447,0.3076923076923077,1.0,0.36363636363636365,0.35294117647058826,0.9655172413793104,0.597957417835714,0.3521120598960928
icdar_tr_img_05448,0.56,1.0,0.56,0.6666666666666666,0.796875,0.7167083333333333,0.18594356315978125
icdar_tr_img_05470,0.47297297297297297,0.8666666666666667,0.5,0.5168539325842697,0.6304347826086957,0.5973856709665211,0.16205889951195174
icdar_tr_img_05472,0.5070422535211268,0.819047619047619,0.5956284153005464,51.666666666666664,0.7484276729559748,10.867362525498386,22.807835557003724
icdar_tr_img_05476,1.0204081632653061,0.967391304347826,0.945859872611465,0.9423076923076923,2.3636363636363638,1.2479206792337305,0.6244838252896034
icdar_tr_img_05485,0.825,0.9887640449438202,0.9392712550607287,1.76,1.0731707317073171,1.1172412063423731,0.3703598523069938
icdar_tr_img_05501,0.4642857142857143,0.696969696969697,0.44642857142857145,0.5111111111111111,0.5172413793103449,0.5272072946210877,0.09957661276029234
icdar_tr_img_05505,1.5735294117647058,9.0,0.9575596816976127,3.054054054054054,0.8924050632911392,3.0955096421615025,3.413416492028145
icdar_tr_img_05509,0.48148148148148145,0.94375,0.4827586206896552,0.6551724137931034,0.75,0.662632503192848,0.19486282721260834
icdar_tr_img_05518,0.0,1.0,0.0,0.0,0.9230769230769231,0.38461538461538464,0.5273580461846957
icdar_tr_img_05535,1.398576512455516,20.391304347826086,1.7660818713450293,5.363095238095238,17.24074074074074,9.231959742092522,8.954620076633473
icdar_tr_img_05537,0.627906976744186,0.9571428571428572,0.6153846153846154,0.6122448979591837,0.6585365853658537,0.6942431865193393,0.14809969992831373
icdar_tr_img_05541,0.6296296296296297,0.952054794520548,0.9037656903765691,0.8461538461538461,0.9436619718309859,0.8550531865023159,0.1327862145339411
icdar_tr_img_05542,0.6,1.0,0.0,0.0,1.0,0.52,0.5019960159204453
icdar_tr_img_05544,0.86875,1.9444444444444444,1.1518987341772151,1.1216216216216217,1.3134328358208955,1.2800295272128355,0.4041114875402567
icdar_tr_img_05633,0.6666666666666666,0.9434782608695652,1.134020618556701,58.666666666666664,2.5,12.782166442551919,25.659937068262487
icdar_tr_img_05636,0.28205128205128205,0.6363636363636364,0.19444444444444445,11.0,0.6792452830188679,2.558420929175646,4.723772489908133
icdar_tr_img_05653,1.755813953488372,4.041666666666667,0.9719626168224299,3.8125,3.3035714285714284,2.77710293310978,1.3462819485947202
icdar_tr_img_05658,3.0,1.0,0.0,0.0,1.0,1.0,1.224744871391589
icdar_tr_img_05661,0.7034482758620689,1.8392857142857142,0.8128654970760234,1.4054054054054055,0.9363636363636364,1.1394737057985698,0.4739465460209399
icdar_tr_img_05664,0.33962264150943394,0.9074074074074074,0.9383561643835616,15.333333333333334,0.7951807228915663,3.6627800539050606,6.528454620153723
icdar_tr_img_05730,2.4166666666666665,2.642857142857143,0.9495412844036697,0.9583333333333334,0.9545454545454546,1.5843887763612532,0.8667065730957313
icdar_tr_img_05745,0.15384615384615385,1.0,0.0,4.333333333333333,0.9753086419753086,1.292497625830959,1.7606762053291785
icdar_tr_img_05747,0.943089430894309,1.9285714285714286,1.0462962962962963,48.0,0.9317269076305221,10.56993681267851,20.928173805182638
icdar_tr_img_05765,0.05263157894736842,0.9996734160679295,0.05263157894736842,0.05263157894736842,0.15,0.2615136305820069,0.41479220496517616
icdar_tr_img_05768,0.7619047619047619,0.9,0.6818181818181818,0.7307692307692307,0.8823529411764706,0.7913690231337289,0.09568258309988024
icdar_tr_img_05771,2.418918918918919,5.333333333333333,1.9894736842105263,13.333333333333334,1.8703703703703705,4.989085928033297,4.875315113778607
icdar_tr_img_05798,5.411764705882353,3.4,5.294117647058823,4.6,1.240506329113924,3.9892777364110197,1.7321987872486015
icdar_tr_img_05799,4.857142857142857,1.1,3.227272727272727,5.666666666666667,1.3454545454545455,3.2393073593073587,2.041624610180184
icdar_tr_img_05806,0.8048780487804879,0.8888888888888888,0.9617346938775511,1.1,0.9090909090909091,0.9329185081275673,0.10914132874793726
icdar_tr_img_05807,0.6385542168674698,0.9206349206349206,0.6962025316455697,0.7441860465116279,0.7339449541284404,0.7467045339576057,0.10567387613593827
icdar_tr_img_05808,0.26666666666666666,0.5277777777777778,0.2903225806451613,0.2903225806451613,0.25,0.3250179211469534,0.11462073346329706
icdar_tr_img_05827,0.4444444444444444,0.9991251093613298,0.5217391304347826,21.666666666666668,0.660377358490566,4.858470541879559,9.398468708213521
icdar_tr_img_05831,0.5633802816901409,0.8843537414965986,0.7368421052631579,0.6385542168674698,0.788135593220339,0.7222531877075412,0.12557471421072122
icdar_tr_img_05840,0.2553191489361702,3.2142857142857144,0.22448979591836735,0.24,0.9571428571428572,0.9782475032566218,1.2880312253771942
icdar_tr_img_05871,0.8701298701298701,3.357142857142857,1.1842105263157894,0.9375,0.9473684210526315,1.4592703349282297,1.0675851661570928
icdar_tr_img_05876,0.7523809523809524,8.5625,3.4133333333333336,6.833333333333333,0.8235294117647058,4.077015406162465,3.528303410210268
icdar_tr_img_05878,0.7021276595744681,0.9130434782608695,0.7555555555555555,0.95,0.8350515463917526,0.831155647956529,0.10393311616871626
icdar_tr_img_05917,1.240506329113924,7.473684210526316,0.9283276450511946,11.666666666666666,5.222222222222222,5.306281414716064,4.496003993447556
icdar_tr_img_05925,2.2962962962962963,5.642857142857143,4.125,2.0,0.9626168224299065,3.0053540523166693,1.863887380115943
icdar_tr_img_05940,0.4444444444444444,0.9574468085106383,0.47368421052631576,0.5454545454545454,0.6764705882352942,0.6195001194342475,0.20907122867331074
icdar_tr_img_05965,0.7777777777777778,1.34375,32.0,32.0,0.8984771573604061,13.404000987027635,16.977055481113428
icdar_tr_img_05979,0.23076923076923078,0.9967595593000648,0.2413793103448276,0.36363636363636365,0.28,0.42250889281009735,0.3252347655267777
icdar_tr_img_06011,0.26515151515151514,1.4130434782608696,0.2569444444444444,46.0,0.47093023255813954,9.681213934082994,20.30840513642995
icdar_tr_img_06019,0.5789473684210527,4.171428571428572,0.5561497326203209,51.333333333333336,4.352941176470588,12.198560036454774,21.954954862678452
icdar_tr_img_06022,0.6363636363636364,1.0,0.6190476190476191,0.72,0.8666666666666667,0.7684155844155843,0.1623092662033401
icdar_tr_img_06036,0.4013605442176871,0.7540106951871658,0.4451219512195122,0.4105960264900662,0.6086956521739131,0.5239569738576689,0.15346083217163572
icdar_tr_img_06040,0.472,0.8156996587030717,0.5506607929515418,120.33333333333333,0.6107011070110702,24.556478978399802,53.541040672348636
icdar_tr_img_06060,1.0,0.95,0.0,0.9154929577464789,0.8620689655172413,0.745512384652744,0.4197757373402665
icdar_tr_img_06061,0.918918918918919,0.9090909090909091,0.9230769230769231,15.666666666666666,0.875,3.8585506835506833,6.600964547383457
icdar_tr_img_06066,0.045454545454545456,0.7213114754098361,0.045454545454545456,0.045454545454545456,0.9259259259259259,0.35672020753987965,0.4323137979612326
icdar_tr_img_06095,0.35,0.9558823529411765,0.6818181818181818,0.5882352941176471,0.8837209302325582,0.6919313518219127,0.24198428220056264
icdar_tr_img_06096,0.2978723404255319,1.1428571428571428,0.1951219512195122,0.32653061224489793,0.5616438356164384,0.5048051764727046,0.3810668129963123
icdar_tr_img_06117,0.6524822695035462,1.9152542372881356,0.7674418604651163,47.0,0.8384279475982532,10.23472126297101,20.5586858996655
icdar_tr_img_06128,0.5769230769230769,4.428571428571429,0.9467455621301775,0.75,0.9722222222222222,1.534892457969381,1.6255502188324604
icdar_tr_img_06135,0.4551971326164875,0.9607843137254902,0.43724696356275305,86.33333333333333,0.5272727272727272,17.742766894102157,38.34388827282426
icdar_tr_img_06138,0.5,0.9111111111111111,0.625,0.625,3.5,1.2322222222222223,1.2766670897398003
icdar_tr_img_06162,0.8897338403041825,5.338582677165355,0.9609455292908531,1.1043046357615893,1.9655172413793103,2.051816784780258,1.8873588543895412
icdar_tr_img_06165,1.117096018735363,46.785714285714285,0.9110651499482937,219.0,24.11111111111111,58.384997313101806,91.77320840965085
icdar_tr_img_06181,0.5903614457831325,1.1379310344827587,0.5975609756097561,0.7047619047619048,0.773109243697479,0.7607449208670063,0.22428545842698638
icdar_tr_img_06185,0.6031589338598223,1.5143338954468804,340.3333333333333,340.3333333333333,1.2756756756756757,136.8119670343298,185.7890391632528
icdar_tr_img_06209,0.797071129707113,0.666235446313066,0.7877551020408163,160.66666666666666,0.7623574144486692,32.73601715183527,71.51542599666068
icdar_tr_img_06214,0.8076923076923077,0.9974958263772955,0.9566265060240964,0.9333333333333333,0.9565217391304348,0.9303339425114935,0.07234947333714226
icdar_tr_img_06228,0.49606299212598426,1.4350649350649352,0.8047945205479452,77.0,0.8798076923076923,16.12314602800931,34.03288136660337
icdar_tr_img_06237,0.792,1.0673076923076923,0.819672131147541,0.8733333333333333,0.912568306010929,0.8929762925598992,0.10808658741464885
icdar_tr_img_06251,0.6086956521739131,0.9974522292993631,0.5434782608695652,0.631578947368421,0.6593406593406593,0.6881091498103843,0.17814392236505713
icdar_tr_img_06284,0.7083333333333334,0.8409090909090909,0.7272727272727273,0.75,0.7142857142857143,0.7481601731601731,0.05425792162607963
icdar_tr_img_06285,0.20270270270270271,4.928571428571429,0.22077922077922077,23.333333333333332,0.6382978723404256,5.864736911545423,9.965651278097727
icdar_tr_img_06326,0.5962732919254659,7.963636363636364,1.135646687697161,148.0,0.8506787330316742,31.709247015258136,65.08150017920553
icdar_tr_img_06327,0.030303030303030304,0.7375886524822695,0.09859154929577464,0.015384615384615385,1.6285714285714286,0.5020878552074237,0.6976202584724119
icdar_tr_img_06349,0.4097222222222222,0.7777777777777778,0.45222929936305734,48.666666666666664,0.5111111111111111,10.163501415428167,21.52440008348365
icdar_tr_img_06366,0.84,0.84,0.6666666666666666,0.5294117647058824,0.9285714285714286,0.7609299719887955,0.1605413090595992
icdar_tr_img_06396,0.38461538461538464,1.0,0.1,0.2,0.967741935483871,0.5304714640198511,0.42645444571492275
icdar_tr_img_06397,0.8173719376391982,19.27777777777778,0.9470774091627172,116.66666666666667,2.2344827586206897,27.98867530997341,50.1808530836884
icdar_tr_img_06402,1.123076923076923,19.714285714285715,0.9505027068832174,92.0,3.8857142857142857,23.534715925992028,39.05285625059939
icdar_tr_img_06410,0.5106382978723404,6.857142857142857,0.69,32.0,0.894927536231884,8.190541738249417,13.575099309946104
icdar_tr_img_06434,0.23076923076923078,1.8571428571428572,0.8252427184466019,0.4583333333333333,0.7333333333333333,0.8209642946050714,0.6247389317138611
icdar_tr_img_06437,5.714285714285714,19.428571428571427,0.9441687344913151,91.0,8.40625,25.09865517546969,37.45986680620883
icdar_tr_img_06443,0.12195121951219512,0.7837837837837838,0.12195121951219512,0.1,0.21739130434782608,0.26901550543120006,0.2913217671224884
icdar_tr_img_06448,0.625,0.95,0.6666666666666666,0.6666666666666666,0.9069767441860465,0.7630620155038759,0.15272729443277558
icdar_tr_img_06465,0.6,1.0714285714285714,5.0,0.8627450980392157,15.0,4.506834733893557,6.1378842383739425
icdar_tr_img_06479,0.6774193548387096,2.4285714285714284,0.6041666666666666,0.5625,1.032258064516129,1.0609831029185868,0.7866719083359175
icdar_tr_img_06506,0.2356687898089172,0.9981420039814201,0.47101449275362317,0.7628865979381443,0.5153374233128835,0.5966098615589976,0.2922044992890954
icdar_tr_img_06513,0.8524229074889867,0.9857328145265889,0.9328537170263789,271.0,1.6855203619909502,55.09130596020658,120.69708936728492
icdar_tr_img_06523,0.7176470588235294,9.833333333333334,0.7142857142857143,0.712707182320442,0.7846153846153846,2.5525177346756807,4.070212056129635
icdar_tr_img_06538,0.6318407960199005,0.9488636363636364,0.6014492753623188,61.333333333333336,0.8487229862475442,12.872842005465348,27.09063079839393
icdar_tr_img_06554,0.7425373134328358,9.350877192982455,181.33333333333334,181.33333333333334,0.8231780167264038,74.71665183796168,97.39010875618601
icdar_tr_img_06558,0.9583333333333334,26.142857142857142,0.9202733485193622,123.0,9.81081081081081,32.16645492710413,51.809898140422995
icdar_tr_img_06566,0.8051948051948052,2.3181818181818183,0.9205426356589147,1.4333333333333333,0.9345794392523364,1.2823664063242417,0.6275487098425566
icdar_tr_img_06567,0.2631578947368421,1.0,0.0,0.2222222222222222,0.9824561403508771,0.4935672514619883,0.46524501683149283
icdar_tr_img_06576,0.0,1.0,0.0,0.0,1.0,0.4,0.5477225575051662
icdar_tr_img_06584,0.4,1.0714285714285714,0.5333333333333333,0.5333333333333333,0.9375,0.6951190476190476,0.29146263514741444
icdar_tr_img_06588,0.5,0.7746478873239436,0.5,0.5434782608695652,0.5365853658536586,0.5709423028094334,0.1156462910504125
icdar_tr_img_06617,0.047619047619047616,1.5,0.09523809523809523,0.4642857142857143,0.8064516129032258,0.5827188940092165,0.5977994541959939
icdar_tr_img_06621,0.3223938223938224,32.125,172.0,172.0,0.821501014198783,75.45377896731851,89.07080136673332
icdar_tr_img_06639,0.6526946107784432,1.5454545454545454,1.3047619047619048,1.945945945945946,1.055944055944056,1.300960212576979,0.4888966494589133
icdar_tr_img_06640,1.65625,4.857142857142857,3.0555555555555554,2.9,1.26,2.7457896825396824,1.4117556132855857
icdar_tr_img_06646,0.08333333333333333,1.0,0.25,0.08333333333333333,0.8865979381443299,0.4606529209621993,0.44761569031246956
icdar_tr_img_06649,0.47058823529411764,1.0,0.625,0.7083333333333334,0.7368421052631579,0.7081527347781218,0.19322862593849882
icdar_tr_img_06671,1.079646017699115,30.714285714285715,1.2668711656441718,61.42857142857143,13.34375,21.566624865240087,25.357772262367078
icdar_tr_img_06672,1.0,1.0,1.0,1.0,4.0,1.6,1.3416407864998738
icdar_tr_img_06682,0.2222222222222222,0.9993514915693904,0.2222222222222222,0.2222222222222222,1.0,0.5332036316472115,0.42582889399418344
icdar_tr_img_06692,0.3333333333333333,0.8648648648648649,0.2692307692307692,0.6666666666666666,0.803030303030303,0.5874251874251873,0.2718215915868466
icdar_tr_img_06749,0.4090909090909091,1.75,0.9310344827586207,1.5714285714285714,1.0,1.1323107926556202,0.5374545746541014
icdar_tr_img_06771,0.6637168141592921,10.333333333333334,0.8761609907120743,62.333333333333336,1.3533834586466165,15.111985586036932,26.708619888233017
icdar_tr_img_06778,0.08333333333333333,0.9074074074074074,0.25,0.08333333333333333,0.5,0.3648148148148148,0.34796833417887446
icdar_tr_img_06782,0.0,0.82,0.0,0.0,0.8615384615384616,0.3363076923076923,0.4607423903830187
icdar_tr_img_06789,0.7886178861788617,9.4375,0.9420600858369099,0.9218106995884774,2.618181818181818,2.9416340979572135,3.7085831793738686
icdar_tr_img_06795,0.4791666666666667,0.8714285714285714,0.3111111111111111,14.333333333333334,0.9896551724137931,3.3969389709906954,6.119919699525406
icdar_tr_img_06807,1.3333333333333333,1.0,0.0,0.14285714285714285,1.0,0.6952380952380952,0.5876661245323764
icdar_tr_img_06812,0.058823529411764705,0.8493150684931506,0.058823529411764705,0.058823529411764705,0.9322033898305084,0.3915978093117906,0.45661133558241257
icdar_tr_img_06814,0.6666666666666666,1.0714285714285714,0.7755102040816326,5.0,0.9620253164556962,1.6951261517265135,1.8541877644213005
icdar_tr_img_06821,0.028846153846153848,0.9819819819819819,0.05555555555555555,0.04672897196261682,0.10526315789473684,0.24367516424820898,0.41369769583470034
icdar_tr_img_06826,0.23255813953488372,0.8387096774193549,0.044444444444444446,0.2833333333333333,0.9120879120879121,0.4622267013639857,0.3883963953837267
icdar_tr_img_06828,1.2591240875912408,30.0,1.0469973890339426,84.0,2.9160305343511452,23.844430402195265,35.79245913964349
icdar_tr_img_06834,0.4868421052631579,0.8456659619450317,0.49122807017543857,69.0,0.65,14.294747227476728,30.581518028395475
icdar_tr_img_06849,0.5,1.0,0.9553571428571429,0.9973614775725593,1.0,0.8905437240859404,0.21914411058114475
icdar_tr_img_06853,0.48214285714285715,0.9233870967741935,0.6229508196721312,40.0,0.896969696969697,8.585090094111775,17.562451908874472
icdar_tr_img_06866,0.6842105263157895,0.8157894736842105,0.7,0.72,0.8387096774193549,0.751741935483871,0.07055271941425613
icdar_tr_img_06868,0.4083333333333333,0.9101796407185628,0.3869565217391304,67.33333333333333,0.5378486055776892,13.915330286940408,29.862308485640806
icdar_tr_img_06872,0.1590909090909091,1.2352941176470589,0.17777777777777778,14.333333333333334,0.5161290322580645,3.284325034021429,6.191925092198814
icdar_tr_img_06885,0.30666666666666664,1.3714285714285714,0.5,22.0,0.5204081632653061,4.939700680272109,9.54584296138854
icdar_tr_img_06886,0.05555555555555555,1.0,0.0,0.19047619047619047,0.1111111111111111,0.27142857142857146,0.41332370212854314
icdar_tr_img_06905,0.575,3.0714285714285716,0.4666666666666667,0.5853658536585366,0.65,1.069692218350755,1.1209395857710314
icdar_tr_img_06908,0.8292682926829268,9.857142857142858,0.9505747126436782,46.0,1.4074074074074074,11.808878653975373,19.490300560666956
icdar_tr_img_06963,0.8244274809160306,0.993581514762516,0.9502196193265008,82.66666666666667,1.6240601503759398,17.41179108640953,36.47990134028834
icdar_tr_img_06966,0.5892857142857143,1.2891566265060241,0.5307692307692308,0.5436241610738255,0.45454545454545453,0.6814762374360499,0.343142800033075
icdar_tr_img_06982,0.853475935828877,1.1719576719576719,1.454713493530499,313.6666666666667,0.9873271889400922,63.62682819138477,139.77670081381768
icdar_tr_img_06984,0.0,0.9333333333333333,0.9720496894409938,0.0,0.3888888888888889,0.45885438233264325,0.4781447366711571
icdar_tr_img_06994,0.43243243243243246,0.8926553672316384,0.375,0.8181818181818182,0.54,0.6116539235691778,0.23177321339098875
icdar_tr_img_07037,0.6216216216216216,0.8579234972677595,0.6117021276595744,0.7180851063829787,0.6145833333333334,0.6847831372530535,0.10647162638982915
icdar_tr_img_07048,0.38461538461538464,1.1428571428571428,0.4666666666666667,0.5,0.4666666666666667,0.5921611721611721,0.31077834928672265
icdar_tr_img_07074,0.2545454545454545,0.7745535714285714,0.272264631043257,130.33333333333334,0.33564814814814814,26.394069027699754,58.10420572754393
icdar_tr_img_07102,0.7880597014925373,14.042553191489361,1.7664670658682635,4.825396825396825,2.1354166666666665,4.711578690182732,5.426424564518271
icdar_tr_img_07157,0.5542168674698795,0.7842105263157895,0.5402298850574713,84.66666666666667,0.6602739726027397,17.44111958362251,37.58035103390707
icdar_tr_img_07190,0.71484375,0.8192419825072886,1.0276243093922652,1.0726256983240223,0.737037037037037,0.8742745554521226,0.16593690456380028
icdar_tr_img_07305,0.5,0.8528138528138528,0.49393939393939396,108.66666666666667,0.5590361445783133,22.214491211599647,48.328459872254975
icdar_tr_img_07338,0.5061728395061729,1.793103448275862,0.9228371005455963,96.66666666666667,1.6339869281045751,20.304553396619774,42.69093280129447
icdar_tr_img_07340,0.8411214953271028,1.1612903225806452,0.9225941422594143,40.333333333333336,0.8497854077253219,8.821624940245163,17.616056884414682
icdar_tr_img_07399,1.3770491803278688,1.9215686274509804,0.9543446244477173,4.7894736842105265,4.571428571428571,2.722772937573133,1.8213332413903036
icdar_tr_img_07414,0.8682926829268293,0.855072463768116,0.8506849315068493,78.66666666666667,0.9947643979057592,16.447096228554845,34.78184826475328
icdar_tr_img_07493,1.0,1.3571428571428572,1.5,1.5,1.0,1.2714285714285716,0.2545504240172209
icdar_tr_img_07509,0.494750656167979,1.3119777158774373,0.5587121212121212,1.5541666666666667,1.728888888888889,1.1296992097626186,0.5704411162286562
icdar_tr_img_07521,0.6532846715328468,5.263888888888889,0.5911111111111111,127.0,0.6459627329192547,26.830849480890418,56.03219959979181
icdar_tr_img_07564,0.7377049180327869,0.8705882352941177,0.7413793103448276,0.7413793103448276,0.7216494845360825,0.7625402517105284,0.06094831062967277
icdar_tr_img_07579,0.7425742574257426,1.1428571428571428,0.9255533199195171,0.8541666666666666,1.1401869158878504,0.9610676605513838,0.1771719373961116
icdar_tr_img_07587,0.9394387001477105,7.15625,1.397196261682243,240.33333333333334,6.584905660377358,51.28222479110813,105.72155150744568
icdar_tr_img_07606,0.6629213483146067,0.9074074074074074,0.7589743589743589,0.6440677966101694,0.7724867724867724,0.7491715367586631,0.10507637400987593
icdar_tr_img_07670,0.7962962962962963,2.86,0.8598130841121495,54.666666666666664,0.846441947565543,12.00584359892813,23.864264456172386
icdar_tr_img_07768,0.3939393939393939,0.9090909090909091,0.5515873015873016,90.33333333333333,0.6270491803278688,18.56300002365576,40.121270342153935
icdar_tr_img_07798,0.676923076923077,6.098039215686274,1.161904761904762,1.1634615384615385,0.9898648648648649,2.0180386915681034,2.289399714046204
icdar_tr_img_07848,0.5436241610738255,0.7327272727272728,0.5921052631578947,102.0,0.7438271604938271,20.922456771490562,45.323808029548864
icdar_tr_img_07872,0.6412556053811659,17.071428571428573,0.9088145896656535,1.6699029126213591,2.5,4.55828033581935,7.032421414726299
icdar_tr_img_07901,0.4634146341463415,0.9206349206349206,0.7654320987654321,0.7361111111111112,0.6721311475409836,0.7115447824397578,0.16609337611994884
icdar_tr_img_07906,0.7192224622030238,0.9416666666666667,1.0808823529411764,80.66666666666667,0.9021739130434783,16.862122412304206,35.66805815910427
icdar_tr_img_07911,0.6922183507549361,17.91111111111111,0.7621359223300971,275.0,0.9903691813804173,59.071166913115306,120.9347292420312
icdar_tr_img_07979,0.44660194174757284,0.6729857819905213,0.6759259259259259,0.46017699115044247,0.688,0.5887381281628924,0.12377697674997801
icdar_tr_img_08019,5.0,1.0714285714285714,0.9965753424657534,1.0,0.9818181818181818,1.8099644191425015,1.7836221955772822
icdar_tr_img_08060,12.0,1.0,0.868421052631579,4.0,1.0,3.7736842105263158,4.784106304232161
icdar_tr_img_08079,1.2580645161290323,0.9861111111111112,0.9210526315789473,14.0,0.8703703703703703,3.6071197258378924,5.811722214613169
icdar_tr_img_08091,1.507936507936508,4.0,0.9523809523809523,33.333333333333336,1.263157894736842,8.211361737677528,14.095702120093206
icdar_tr_img_08132,1.0,2.5714285714285716,0.38235294117647056,0.882051282051282,1.3333333333333333,1.2338332255979316,0.8219654446180492
icdar_tr_img_08140,1.4,1.0,0.8181818181818182,0.8181818181818182,0.9871794871794872,1.0047086247086248,0.23778625501439646
icdar_tr_img_08167,0.5333333333333333,0.7291666666666666,0.20512820512820512,11.666666666666666,0.6444444444444445,2.755747863247863,4.985325826284374
icdar_tr_img_08182,13.333333333333334,2.857142857142857,0.9610705596107056,1.9047619047619047,1.4814814814814814,4.107558027266056,5.2040234497325795
icdar_tr_img_08190,0.9791666666666666,1.25,0.5217391304347826,15.0,0.7647058823529411,3.7031223358908782,6.320851979657758
icdar_tr_img_08198,2.7777777777777777,1.8571428571428572,0.2857142857142857,8.666666666666666,0.9818181818181818,2.9138239538239534,3.3492495245757135
icdar_tr_img_08202,1.75,1.9130434782608696,1.2608695652173914,14.666666666666666,0.9936708860759493,4.116850119244175,5.909066039348987
icdar_tr_img_08211,2.0,4.5,0.23809523809523808,21.0,0.9952380952380953,5.746666666666667,8.677215845530869
icdar_tr_img_08248,0.9230769230769231,1.3,0.6666666666666666,8.666666666666666,1.0,2.511282051282051,3.448366963361635
icdar_tr_img_08249,1.2162162162162162,0.9982758620689656,0.7948717948717948,15.666666666666666,1.0476190476190477,3.944729917488538,6.554483909038768
icdar_tr_img_08253,1.25,1.2857142857142858,0.7777777777777778,15.0,0.9959432048681541,3.8618870536720435,6.229798236837592
icdar_tr_img_08255,1.1875,1.3571428571428572,1.0555555555555556,6.333333333333333,1.0,2.186706349206349,2.3221153254291864
icdar_tr_img_08270,1.6666666666666667,1.0,1.6666666666666667,1.0,1.0,1.2666666666666668,0.36514837167011077
icdar_tr_img_08288,1.6666666666666667,1.0,1.0,1.0,1.0,1.1333333333333333,0.298142396999972
icdar_tr_img_08316,1.0,1.0,0.2857142857142857,0.7142857142857143,1.0,0.8,0.31298431857438064
icdar_tr_img_08400,1.0,1.0,0.8,0.6190476190476191,0.9741935483870968,0.8786482334869431,0.16745106249210528
icdar_tr_img_08408,2.3333333333333335,1.0,0.125,0.5882352941176471,1.0,1.009313725490196,0.8234863725914997
icdar_tr_img_08415,1.0625,1.2352941176470589,0.6829268292682927,14.0,0.9439252336448598,3.5849292361120417,5.825668493149198
icdar_tr_img_08451,1.25,2.48,0.7666666666666667,0.8214285714285714,0.967032967032967,1.257025641025641,0.7088737765085414
icdar_tr_img_08465,1.275,3.7142857142857144,0.8074074074074075,17.333333333333332,0.7719298245614035,4.780391255917571,7.121324795800097
icdar_tr_img_08473,1.7619047619047619,1.0,0.9508670520231214,13.0,0.9818181818181818,3.538917999149213,5.29982830993805
icdar_tr_img_08477,1.6666666666666667,2.2142857142857144,0.9929742388758782,0.993421052631579,1.0,1.3734695344919676,0.5526367292947572
icdar_tr_img_08479,1.56,2.7857142857142856,1.0,13.0,0.9927007299270073,3.867683003128259,5.1571406747681925
icdar_tr_img_08486,0.9444444444444444,1.0588235294117647,0.5,0.5,1.0,0.8006535947712419,0.2774219173828024
icdar_tr_img_08497,10.333333333333334,2.2142857142857144,0.8421052631578947,10.333333333333334,1.0,4.944611528822056,4.947773292085129
icdar_tr_img_08517,0.8648648648648649,1.0277777777777777,0.6818181818181818,0.6545454545454545,0.7941176470588235,0.8046247852130204,0.1509484949993377
icdar_tr_img_08534,0.8636363636363636,1.7857142857142858,0.7368421052631579,0.8,1.0,1.0372385509227615,0.4296104366999293
icdar_tr_img_08537,0.9,1.7142857142857142,0.9653679653679653,8.0,0.9636363636363636,2.5086580086580086,3.0879799561390153
icdar_tr_img_08540,1.303030303030303,1.0,1.0,14.333333333333334,0.9473684210526315,3.7167464114832534,5.936514547777577
icdar_tr_img_08568,1.6666666666666667,1.5,1.2352941176470589,7.0,21.0,6.480392156862746,8.464282556738496
icdar_tr_img_08586,0.8846153846153846,2.0714285714285716,0.1935483870967742,9.666666666666666,1.0,2.7632518019614793,3.9171885173745538
icdar_tr_img_08591,0.5185185185185185,6.428571428571429,0.8804878048780488,0.8894472361809045,1.2714285714285714,1.9976907119154945,2.4912073848165512
icdar_tr_img_08595,0.96875,2.2857142857142856,0.7613636363636364,10.666666666666666,0.8,3.096498917748918,4.278401891620045
icdar_tr_img_08597,3.6666666666666665,1.0,0.9959183673469387,1.0,0.9696969696969697,1.5264564007421149,1.196480707645349
icdar_tr_img_08612,0.5675675675675675,1.0,0.5975609756097561,0.41818181818181815,0.6727272727272727,0.6512075268172829,0.21580886505062954
icdar_tr_img_08640,1.3333333333333333,0.96,0.9256198347107438,0.8888888888888888,0.96,1.013568411386593,0.18115510631371579
icdar_tr_img_08675,1.4838709677419355,3.2857142857142856,1.2142857142857142,0.9866220735785953,0.9950248756218906,1.5931035833884841,0.9677142778637496
icdar_tr_img_08703,0.9285714285714286,0.95,0.4117647058823529,0.4444444444444444,0.9,0.7269561157796451,0.2736329493226056
icdar_tr_img_08712,1.0625,2.5,0.6545454545454545,11.666666666666666,0.8529411764705882,3.3473306595365413,4.706985315526531
icdar_tr_img_08730,0.9716312056737588,2.5344827586206895,0.8781362007168458,0.946031746031746,5.92,2.2500563822086077,2.1660101967387773
icdar_tr_img_08744,0.5833333333333334,2.642857142857143,0.3684210526315789,0.41025641025641024,0.5,0.9009735878156931,0.9772728661689148
icdar_tr_img_08753,0.9365079365079365,2.9285714285714284,0.7567567567567568,13.666666666666666,0.9548872180451128,3.8486780013095805,5.559996270332077
icdar_tr_img_08754,10.0,2.142857142857143,10.0,10.0,3.2222222222222223,7.073015873015872,4.026064613378805
icdar_tr_img_08764,1.1666666666666667,1.0,1.0,0.75,1.0,0.9833333333333334,0.149071198499986
icdar_tr_img_08775,1.0,0.7735849056603774,0.8306451612903226,16.0,0.9987936417825717,3.9206047417466543,6.753337804820557
icdar_tr_img_08798,1.0666666666666667,1.1428571428571428,0.9623824451410659,0.9130434782608695,1.0,1.016989946585149,0.08998032200355291
icdar_tr_img_08819,10.333333333333334,2.2142857142857144,0.8378378378378378,0.9865229110512129,1.0,3.0743959593016195,4.095622239842156
icdar_tr_img_08820,0.52,0.640625,0.9024390243902439,0.6086956521739131,0.68,0.6703519353128314,0.1425205199739218
icdar_tr_img_08853,1.1538461538461537,1.0714285714285714,0.2,0.29411764705882354,0.7777777777777778,0.6994340300222653,0.43724243291606907
icdar_tr_img_08874,3.1,2.2857142857142856,1.0333333333333334,10.666666666666666,1.8235294117647058,3.7818487394957985,3.920886552328282
icdar_tr_img_08876,0.926829268292683,2.2857142857142856,0.6274509803921569,10.666666666666666,0.8651685393258427,3.0743659480783267,4.2937414188262615
icdar_tr_img_08900,7.666666666666667,1.6428571428571428,0.9920424403183024,0.990506329113924,23.0,6.858414515791208,9.450565591658314
icdar_tr_img_08953,1.0909090909090908,1.0,1.0,0.9837133550488599,0.9957386363636364,1.0140722164643177,0.04346763293713533
icdar_tr_img_08968,1.2916666666666667,1.1428571428571428,0.59375,0.9854227405247813,0.8653846153846154,0.9758162330866412,0.2673603353005584
icdar_tr_img_08983,1.3125,3.142857142857143,0.8275862068965517,0.9912536443148688,1.2058823529411764,1.4960158694019479,0.9396175856756447
icdar_tr_img_09009,0.8285714285714286,1.0,0.8823529411764706,12.0,0.8082191780821918,3.1038287095660184,4.9736689745407325
icdar_tr_img_09053,0.4473684210526316,2.7142857142857144,0.5,12.666666666666666,0.9818181818181818,3.4620277967646387,5.227277362587256
icdar_tr_img_09067,0.7093023255813954,4.833333333333333,0.7209302325581395,29.0,1.027027027027027,7.258118583699978,12.278409088104528
icdar_tr_img_09106,1.0,1.0,0.8888888888888888,3.3333333333333335,0.9696969696969697,1.4383838383838383,1.060283741307203
icdar_tr_img_09158,0.3333333333333333,1.0,0.3333333333333333,0.8,1.0,0.6933333333333334,0.33862466931200785
icdar_tr_img_09166,0.25,1.6428571428571428,0.19047619047619047,7.666666666666667,0.9857142857142858,2.1471428571428572,3.1422945023070366
icdar_tr_img_09167,0.0,1.0,0.0,1.0,1.0,0.6,0.5477225575051662
icdar_tr_img_09209,0.7931034482758621,2.0714285714285716,0.7931034482758621,9.666666666666666,0.8076923076923077,2.826398888467854,3.8633858340370595
icdar_tr_img_09238,0.5384615384615384,1.3157894736842106,0.7272727272727273,8.333333333333334,0.9444444444444444,2.3718603034392514,3.345070314852402
icdar_tr_img_09240,0.26666666666666666,1.3181818181818181,0.27586206896551724,9.666666666666666,0.27586206896551724,2.360647857889237,4.109199042354341
icdar_tr_img_09244,0.35,1.4285714285714286,0.3,6.666666666666667,0.9636363636363636,1.9417748917748916,2.6820657691721697
icdar_tr_img_09283,0.8666666666666667,1.0,0.8235294117647058,0.8666666666666667,0.925,0.896372549019608,0.06824437904362232
icdar_tr_img_09292,0.9230769230769231,1.0714285714285714,0.8666666666666667,5.0,1.0,1.7722344322344323,1.8060361905783644
icdar_tr_img_09309,0.09090909090909091,1.0,0.09090909090909091,0.18181818181818182,1.0,0.47272727272727266,0.4827606562673365
icdar_tr_img_09312,0.6785714285714286,1.6111111111111112,0.7666666666666667,9.666666666666666,0.9814814814814815,2.7408994708994703,3.8887342660834854
icdar_tr_img_09320,0.6111111111111112,1.2857142857142858,0.9078947368421053,0.6666666666666666,0.8181818181818182,0.8579137237031974,0.2667288010579135
icdar_tr_img_09324,0.6923076923076923,1.0,0.8,4.666666666666667,0.995260663507109,1.6308470044962937,1.70215317660883
icdar_tr_img_09335,0.7857142857142857,4.571428571428571,0.9424657534246575,21.333333333333332,0.8571428571428571,5.698016960208741,8.886961888257385
icdar_tr_img_09352,0.9333333333333333,1.0,0.8275862068965517,1.0,1.0,0.9521839080459771,0.0753973926074125
icdar_tr_img_09366,0.07692307692307693,0.8783783783783784,0.07692307692307693,0.07692307692307693,0.14285714285714285,0.2504009504009504,0.35220911343596023
icdar_tr_img_09380,0.08333333333333333,1.0,0.2727272727272727,4.0,0.3076923076923077,1.1327505827505826,1.6401508888161627
icdar_tr_img_09387,1.0,1.2105263157894737,0.8529411764705882,7.666666666666667,0.985781990521327,2.343183229889611,2.9786695133134646
icdar_tr_img_09401,0.0975609756097561,3.0714285714285716,0.19607843137254902,14.333333333333334,0.7209302325581395,3.6838663088604697,6.074361454125727
icdar_tr_img_09412,0.058823529411764705,1.2857142857142858,0.058823529411764705,6.0,0.4583333333333333,1.5723389355742297,2.5253119828323016
icdar_tr_img_09418,0.15217391304347827,1.9565217391304348,0.20408163265306123,0.45652173913043476,0.59375,0.6726098047914817,0.7402220851842007
icdar_tr_img_09459,0.5428571428571428,1.0,0.5135135135135135,0.5365853658536586,0.6578947368421053,0.6501701518132841,0.20342886605661284
icdar_tr_img_09461,0.3,1.125,0.16666666666666666,6.0,0.9615384615384616,1.7106410256410256,2.4329249576263456
icdar_tr_img_09508,0.4444444444444444,1.8571428571428572,0.4230769230769231,0.5,0.9666666666666667,0.8382661782661781,0.6116571865011531
icdar_tr_img_09534,0.8,1.0,0.6153846153846154,0.6153846153846154,1.0,0.8061538461538461,0.19233845907731684
icdar_tr_img_09542,0.32653061224489793,1.75,0.32653061224489793,0.3617021276595745,0.8260869565217391,0.7181700617342219,0.6144410839328267
icdar_tr_img_09549,0.10526315789473684,1.4074074074074074,0.10526315789473684,0.3142857142857143,0.3404255319148936,0.45452899387949774,0.5442054522060721
icdar_tr_img_09550,0.782608695652174,0.8529411764705882,0.625,0.7083333333333334,0.7916666666666666,0.7521099744245524,0.08765725170678376
icdar_tr_img_09558,0.5652173913043478,1.0,0.5652173913043478,0.5652173913043478,0.56,0.6511304347826086,0.19503710082810627
icdar_tr_img_09592,0.07407407407407407,1.2857142857142858,0.07407407407407407,0.07407407407407407,0.07407407407407407,0.31640211640211635,0.5418619754999492
icdar_tr_img_09595,1.0,1.9285714285714286,0.625,9.0,1.2666666666666666,2.764047619047619,3.5183327371687154
icdar_tr_img_09597,0.43333333333333335,2.2857142857142856,0.8319327731092437,10.666666666666666,0.8395061728395061,3.011430646332607,4.337146395279005
icdar_tr_img_09602,0.5135135135135135,1.5192307692307692,0.7941176470588235,26.333333333333332,0.926829268292683,6.017404906285824,11.362878475568522
icdar_tr_img_09607,0.0,1.0,0.0,0.5833333333333334,0.0,0.3166666666666667,0.45795438880113626
icdar_tr_img_09611,0.08333333333333333,1.0,0.08333333333333333,4.0,0.08333333333333333,1.0499999999999998,1.6961967260118542
icdar_tr_img_09636,0.2753623188405797,0.8333333333333334,0.273972602739726,0.3150684931506849,0.5227272727272727,0.4440928041583193,0.24070194309395604
icdar_tr_img_09665,0.25,0.968421052631579,0.2727272727272727,19.333333333333332,0.3898305084745763,4.242862433433352,8.440898307620827
icdar_tr_img_09693,0.14285714285714285,1.0,0.14285714285714285,7.0,0.4782608695652174,1.7527950310559004,2.954153757060413
icdar_tr_img_09698,0.2222222222222222,1.8571428571428572,0.2777777777777778,13.0,0.9454545454545454,3.2605194805194806,5.484397658015847
icdar_tr_img_09743,0.08,1.0416666666666667,0.08,0.16666666666666666,0.5769230769230769,0.3890512820512821,0.4188325914311951
icdar_tr_img_09750,0.34,3.5714285714285716,0.34,16.666666666666668,0.735632183908046,4.330745484400657,7.027240786313502
icdar_tr_img_09755,0.922077922077922,6.428571428571429,0.96,3.8,2.2941176470588234,2.8809533995416343,2.3076975339893786
icdar_tr_img_09770,0.6551724137931034,2.0714285714285716,0.6129032258064516,0.5757575757575758,0.9259259259259259,0.9682375425423256,0.6318887352477617
icdar_tr_img_09780,0.1111111111111111,1.3571428571428572,0.0,6.333333333333333,0.9818181818181818,1.7566810966810966,2.622003913506928
icdar_tr_img_09785,0.8461538461538461,1.0,0.8571428571428571,8.666666666666666,0.9351351351351351,2.461019701019701,3.4696242302644165
icdar_tr_img_09787,0.3333333333333333,2.7857142857142856,0.40425531914893614,13.0,0.3333333333333333,3.371327254305977,5.484446448566702
icdar_tr_img_09791,0.8,1.2142857142857142,0.7058823529411765,0.8235294117647058,0.9090909090909091,0.8905576776165012,0.1948985501080735
icdar_tr_img_09805,0.1,1.0,0.9553072625698324,0.875,0.9375,0.7735614525139665,0.3791954020821846
icdar_tr_img_09844,0.5,1.0714285714285714,0.5,0.4666666666666667,1.0,0.7076190476190476,0.3008792858792406
icdar_tr_img_09852,0.47619047619047616,1.5,0.47619047619047616,0.47619047619047616,0.75,0.7357142857142858,0.4433944513137059
icdar_tr_img_09873,0.09523809523809523,1.5,0.15,7.0,1.0,1.9490476190476191,2.884771966213648
icdar_tr_img_09898,0.7692307692307693,2.7857142857142856,0.639344262295082,13.0,0.7692307692307693,3.5927040172941815,5.334200651002366
icdar_tr_img_09942,0.9523809523809523,1.7142857142857142,0.875,0.9545454545454546,0.9843260188087775,1.0961076280041797,0.34793140987654136
icdar_tr_img_09944,0.6,1.0,0.868421052631579,0.7692307692307693,1.0,0.8475303643724696,0.16906545205810442
icdar_tr_img_09948,0.573170731707317,2.5161290322580645,0.5802469135802469,28.333333333333332,3.1481481481481484,7.030205631805421,11.96417334052483
icdar_tr_img_09968,0.75,1.7142857142857142,0.5769230769230769,8.0,0.9705882352941176,2.402359405300582,3.159094162422236
icdar_tr_img_09999,0.22580645161290322,2.0625,0.3,0.3448275862068966,1.2592592592592593,0.8384786594158118,0.8037882865454651
